tool	cpu	sock	cor	log	ram	siz	thr	strategy	start	stop	time	mem	comment

arq5.1	xeon	1	4	4	16	01	0	tdb2.fuseki	1735838972	1735839027	13	3.0	x
arq5.1	xeon	1	4	4	16	02	0	tdb2.fuseki	1735838972	1735839027	24	3.9	x
arq5.1	xeon	1	4	4	16	04	0	tdb2.fuseki	1735838972	1735839027	46	7.0	x
arq5.1	xeon	1	4	4	16	07	0	tdb2.fuseki	1735838972	1735839027	78	11.2	x
arq5.1	xeon	1	4	4	16	08	0	tdb2.fuseki	1735838972	1735839027	87	13.7	x
arq5.1	xeon	1	4	4	16	10	0	tdb2.fuseki	1735838972	1735839027	109	15.2	x
arq5.1	xeon	1	4	4	16	16	0	tdb2.fuseki	1735838972	1735839027	177	17.4	x
arq5.1	xeon	1	4	4	16	20	0	tdb2.fuseki	1735838972	1735839027	235	9.7	x
arq5.1	xeon	1	4	4	16	24	0	tdb2.fuseki	1735838972	1735839027	269	11.4	x
arq5.1	xeon	1	4	4	16	30	0	tdb2.fuseki	1735838972	1735839027	340	11.4	-- resulting ds: 11M tp and 4.45GB HDD
arq5.1	xeon	1	4	4	16	40	0	tdb2.fuseki	1735838972	1735839027	462	15.3	x
arq5.1	xeon	1	4	4	16	50	0	tdb2.fuseki	1735838972	1735839027	596	21.7	x
arq3.11	xeon	2	48	96	999	01	0	tdb.tdbupdate	1735830400	1735830456	56	10.2	x
arq4.9	xeon	2	48	96	999	01	0	tdb.tdbupdate	1735830456	1735830509	53	9.6	x
arq5.1	xeon	2	48	96	999	01	0	tdb.tdbupdate	1735830509	1735830564	55	8.5	x
arq3.11	xeon	2	48	96	999	02	0	tdb.tdbupdate	1735830598	1735830763	165	10.8	x
arq4.9	xeon	2	48	96	999	02	0	tdb.tdbupdate	1735830763	1735830919	156	8.6	x
arq5.1	xeon	2	48	96	999	02	0	tdb.tdbupdate	1735830919	1735831072	153	9.8	x
arq3.11	xeon	2	48	96	999	04	0	tdb.tdbupdate	1735831123	1735831681	558	10.8	x
arq4.9	xeon	2	48	96	999	04	0	tdb.tdbupdate	1735831681	1735832233	552	8.9	x
arq5.1	xeon	2	48	96	999	04	0	tdb.tdbupdate	1735832233	1735832775	542	9.8	x
arq3.11	xeon	2	48	96	999	07	0	tdb.tdbupdate	1735832857	1735834441	1584	0	x
arq4.9	xeon	2	48	96	999	07	0	tdb.tdbupdate	1735834441	1735836053	1612	0	x
arq5.1	xeon	2	48	96	999	07	0	tdb.tdbupdate	1735836053	1735837653	1600	0	x
arq3.11	xeon	2	48	96	999	08	0	tdb.tdbupdate	1735837799	1735839935	2136	0	x
arq4.9	xeon	2	48	96	999	08	0	tdb.tdbupdate	1735839935	1735842085	2150	0	x
arq5.1	xeon	2	48	96	999	08	0	tdb.tdbupdate	1735842085	1735844239	2154	0	x
arq3.11	xeon	2	48	96	999	10	0	tdb.tdbupdate	1735844399	1735847678	3279	0	x
arq4.9	xeon	2	48	96	999	10	0	tdb.tdbupdate	1735847678	1735851022	3344	0	x
arq5.1	xeon	2	48	96	999	10	0	tdb.tdbupdate	1735851022	1735854407	3385	0	x
arq3.11	xeon	2	48	96	999	01	0	tdb2.tdbupdate	1740573203	1740573211	8	2.8	-- same as in-mem (probably because of --data instead of --tdb). does not work on higher jena versions. proper usage on higher versions requires db-assembler file. --> actually a CLI for fuseki servers.
arq3.11	xeon	2	48	96	999	02	0	tdb2.tdbupdate	1740573211	1740573224	13	4.9	-- same as in-mem (probably because of --data instead of --tdb). does not work on higher jena versions. proper usage on higher versions requires db-assembler file. --> actually a CLI for fuseki servers.
arq3.11	xeon	2	48	96	999	04	0	tdb2.tdbupdate	1740573225	1740573249	24	9.1	-- same as in-mem (probably because of --data instead of --tdb). does not work on higher jena versions. proper usage on higher versions requires db-assembler file. --> actually a CLI for fuseki servers.
arq3.11	xeon	2	48	96	999	07	0	tdb2.tdbupdate	1740573250	1740573290	40	6.5	-- same as in-mem (probably because of --data instead of --tdb). does not work on higher jena versions. proper usage on higher versions requires db-assembler file. --> actually a CLI for fuseki servers.
arq3.11	xeon	2	48	96	999	08	0	tdb2.tdbupdate	1740573291	1740573338	47	6.8	-- same as in-mem (probably because of --data instead of --tdb). does not work on higher jena versions. proper usage on higher versions requires db-assembler file. --> actually a CLI for fuseki servers.
arq3.11	xeon	2	48	96	999	10	0	tdb2.tdbupdate	1740573340	1740573399	59	15.3	-- same as in-mem (probably because of --data instead of --tdb). does not work on higher jena versions. proper usage on higher versions requires db-assembler file. --> actually a CLI for fuseki servers.
arq3.11	xeon	2	48	96	999	16	0	tdb2.tdbupdate	1740573400	1740573491	91	13.9	-- same as in-mem (probably because of --data instead of --tdb). does not work on higher jena versions. proper usage on higher versions requires db-assembler file. --> actually a CLI for fuseki servers.
arq3.11	xeon	2	48	96	999	20	0	tdb2.tdbupdate	1740573493	1740573604	111	13.5	-- same as in-mem (probably because of --data instead of --tdb). does not work on higher jena versions. proper usage on higher versions requires db-assembler file. --> actually a CLI for fuseki servers.
arq3.11	xeon	2	48	96	999	24	0	tdb2.tdbupdate	1740573607	1740573739	132	12.9	-- same as in-mem (probably because of --data instead of --tdb). does not work on higher jena versions. proper usage on higher versions requires db-assembler file. --> actually a CLI for fuseki servers.
arq3.11	xeon	2	48	96	999	30	0	tdb2.tdbupdate	1740573743	1740573906	163	13.9	-- same as in-mem (probably because of --data instead of --tdb). does not work on higher jena versions. proper usage on higher versions requires db-assembler file. --> actually a CLI for fuseki servers.
arq3.11	xeon	2	48	96	999	40	0	tdb2.tdbupdate	1740573911	1740574142	231	16.1	-- same as in-mem (probably because of --data instead of --tdb). does not work on higher jena versions. proper usage on higher versions requires db-assembler file. --> actually a CLI for fuseki servers.
arq3.11	xeon	2	48	96	999	50	0	tdb2.tdbupdate	1740574148	1740574427	279	21.0	-- same as in-mem (probably because of --data instead of --tdb). does not work on higher jena versions. proper usage on higher versions requires db-assembler file. --> actually a CLI for fuseki servers.
arq3.11	xeon	2	48	96	999	01	0	arq.update	1735830564	1735830573	9	2.7	x
arq4.9	xeon	2	48	96	999	01	0	arq.update	1735830573	1735830585	12	3.2	x
arq5.1	xeon	2	48	96	999	01	0	arq.update	1735830585	1735830598	12	3.2	x
arq5.1-Xmx256g	xeon256	2	48	96	999	01	0	arq.update.256	1735830585	1735830598	12	5.6	Xmx256g
arq5.1-Xmx512g	xeon512	2	48	96	999	01	0	arq.update.512	1735830585	1735830598	13	5.7	Xmx512g
arq3.11	xeon	2	48	96	999	02	0	arq.update	1735831072	1735831088	16	6.0	x
arq4.9	xeon	2	48	96	999	02	0	arq.update	1735831088	1735831107	19	6.4	x
arq5.1	xeon	2	48	96	999	02	0	arq.update	1735831107	1735831123	16	4.5	x
arq5.1-Xmx256g	xeon256	2	48	96	999	02	0	arq.update.256	1735831107	1735831123	18	8.1	Xmx256g
arq5.1-Xmx512g	xeon512	2	48	96	999	02	0	arq.update.512	1735831107	1735831123	18	8.5	Xmx512g
arq3.11	xeon	2	48	96	999	04	0	arq.update	1735832775	1735832800	25	5.9	x
arq4.9	xeon	2	48	96	999	04	0	arq.update	1735832800	1735832830	30	5.4	x
arq5.1	xeon	2	48	96	999	04	0	arq.update	1735832830	1735832856	26	5.6	x
arq5.1-Xmx256g	xeon256	2	48	96	999	04	0	arq.update.256	1735832830	1735832856	34	24.6	Xmx256g
arq5.1-Xmx512g	xeon512	2	48	96	999	04	0	arq.update.512	1735832830	1735832856	36	19.9	Xmx512g
arq3.11	xeon	2	48	96	999	07	0	arq.update	1735837653	1735837692	39	5.9	x
arq4.9	xeon	2	48	96	999	07	0	arq.update	1735837692	1735837746	54	6.4	x
arq5.1	xeon	2	48	96	999	07	0	arq.update	1735837746	1735837797	51	6.8	x
arq5.1-Xmx256g	xeon256	2	48	96	999	07	0	arq.update.256	1735837746	1735837797	58	25.3	Xmx256g
arq5.1-Xmx512g	xeon512	2	48	96	999	07	0	arq.update.512	1735837746	1735837797	60	36.4	Xmx512g
arq3.11	xeon	2	48	96	999	08	0	arq.update	1735844239	1735844292	53	7.8	x
arq4.9	xeon	2	48	96	999	08	0	arq.update	1735844292	1735844349	57	9.5	x
arq5.1	xeon	2	48	96	999	08	0	arq.update	1735844349	1735844398	49	7.0	x
arq5.1-Xmx256g	xeon256	2	48	96	999	08	0	arq.update.256	1735844349	1735844398	65	28.0	Xmx256g
arq5.1-Xmx512g	xeon512	2	48	96	999	08	0	arq.update.512	1735844349	1735844398	69	39.2	Xmx512g
arq3.11	xeon	2	48	96	999	10	0	arq.update	1735854407	1735854463	56	12.6	x
arq4.9	xeon	2	48	96	999	10	0	arq.update	1735854463	1735854534	71	10.4	x
arq5.1	xeon	2	48	96	999	10	0	arq.update	1735854534	1735854599	65	8.2	x
arq5.1-Xmx256g	xeon256	2	48	96	999	10	0	arq.update.256	1735854534	1735854599	79	36.9	Xmx256g
arq5.1-Xmx512g	xeon512	2	48	96	999	10	0	arq.update.512	1735854534	1735854599	82	52.6	Xmx512g
arq3.11	xeon	2	48	96	999	16	0	arq.update	1735917735	1735917827	92	11.0	x
arq4.9	xeon	2	48	96	999	16	0	arq.update	1735917827	1735917933	106	11.0	x
arq5.1	xeon	2	48	96	999	16	0	arq.update	1735917933	1735918027	94	10.4	x
arq5.1-Xmx256g	xeon256	2	48	96	999	16	0	arq.update.256	1735917933	1735918027	122	51.6	Xmx256g
arq5.1-Xmx512g	xeon512	2	48	96	999	16	0	arq.update.512	1735917933	1735918027	129	53.2	Xmx512g
arq3.11	xeon	2	48	96	999	20	0	arq.update	1735918030	1735918136	106	16.3	x
arq4.9	xeon	2	48	96	999	20	0	arq.update	1735918136	1735918269	133	17.5	x
arq5.1	xeon	2	48	96	999	20	0	arq.update	1735918269	1735918393	124	11.3	x
arq5.1-Xmx256g	xeon256	2	48	96	999	20	0	arq.update.256	1735918269	1735918393	168	47.2	Xmx256g
arq5.1-Xmx512g	xeon512	2	48	96	999	20	0	arq.update.512	1735918269	1735918393	168	60.2	Xmx512g
arq3.11	xeon	2	48	96	999	24	0	arq.update	1735918396	1735918521	125	14.6	x
arq4.9	xeon	2	48	96	999	24	0	arq.update	1735918521	1735918676	155	14.5	x
arq5.1	xeon	2	48	96	999	24	0	arq.update	1735918676	1735918820	144	13.7	x
arq5.1-Xmx256g	xeon256	2	48	96	999	24	0	arq.update.256	1735918676	1735918820	193	52.8	Xmx256g
arq5.1-Xmx512g	xeon512	2	48	96	999	24	0	arq.update.512	1735918676	1735918820	185	59.8	Xmx512g
arq3.11	xeon	2	48	96	999	30	0	arq.update	1735918823	1735918980	157	17.2	x
arq4.9	xeon	2	48	96	999	30	0	arq.update	1735918980	1735919183	203	14.1	x
arq5.1	xeon	2	48	96	999	30	0	arq.update	1735919183	1735919368	185	15.2	x
arq5.1-Xmx256g	xeon256	2	48	96	999	30	0	arq.update.256	1735919183	1735919368	226	46.7	Xmx256g
arq5.1-Xmx512g	xeon512	2	48	96	999	30	0	arq.update.512	1735919183	1735919368	232	73.4	Xmx512g
arq3.11	xeon	2	48	96	999	40	0	arq.update	1735919373	1735919611	238	17.6	x
arq4.9	xeon	2	48	96	999	40	0	arq.update	1735919611	1735919904	293	14.9	x
arq5.1	xeon	2	48	96	999	40	0	arq.update	1735919904	1735920189	285	17.2	x
arq5.1-Xmx256g	xeon256	2	48	96	999	40	0	arq.update.256	1735919904	1735920189	321	53.4	Xmx256g
arq5.1-Xmx512g	xeon512	2	48	96	999	40	0	arq.update.512	1735919904	1735920189	296	84.0	Xmx512g
arq3.11	xeon	2	48	96	999	50	0	arq.update	1735920194	1735920461	267	25.3	x
arq4.9	xeon	2	48	96	999	50	0	arq.update	1735920461	1735920826	365	22.9	x
arq5.1	xeon	2	48	96	999	50	0	arq.update	1735920826	1735921166	340	19.0	x
arq5.1-Xmx256g	xeon256	2	48	96	999	50	0	arq.update.256	1735920826	1735921166	380	59.7	Xmx256g
arq5.1-Xmx512g	xeon512	2	48	96	999	50	0	arq.update.512	1735920826	1735921166	376	91.2	Xmx512g

arq3.11	ryzen	1	6	12	32	01	0	arq.update	1738355243	1738355251	8	0	x
arq4.9	ryzen	1	6	12	32	01	0	arq.update	1738355251	1738355260	9	0	x
arq5.1	ryzen	1	6	12	32	01	0	arq.update	1738355260	1738355268	8	0	x
arq3.11	ryzen	1	6	12	32	02	0	arq.update	1738355269	1738355280	11	0	x
arq4.9	ryzen	1	6	12	32	02	0	arq.update	1738355280	1738355292	12	0	x
arq5.1	ryzen	1	6	12	32	02	0	arq.update	1738355292	1738355305	13	0	x
arq3.11	ryzen	1	6	12	32	04	0	arq.update	1738355305	1738355325	20	0	x
arq4.9	ryzen	1	6	12	32	04	0	arq.update	1738355325	1738355350	25	0	x
arq5.1	ryzen	1	6	12	32	04	0	arq.update	1738355350	1738355373	23	0	x
arq3.11	ryzen	1	6	12	32	07	0	arq.update	1738355373	1738355410	37	0	x
arq4.9	ryzen	1	6	12	32	07	0	arq.update	1738355410	1738355451	41	0	x
arq5.1	ryzen	1	6	12	32	07	0	arq.update	1738355451	1738355491	40	0	x
arq3.11	ryzen	1	6	12	32	08	0	arq.update	1738355492	1738355535	43	0	x
arq4.9	ryzen	1	6	12	32	08	0	arq.update	1738355535	1738355585	50	0	x
arq5.1	ryzen	1	6	12	32	08	0	arq.update	1738355585	1738355630	45	0	x
arq3.11	ryzen	1	6	12	32	10	0	arq.update	1738355631	1738355684	53	0	x
arq4.9	ryzen	1	6	12	32	10	0	arq.update	1738355684	1738355747	63	0	x
arq5.1	ryzen	1	6	12	32	10	0	arq.update	1738355747	1738355804	57	0	x
arq3.11	ryzen	1	6	12	32	16	0	arq.update	1738355805	1738355888	83	0	x
arq4.9	ryzen	1	6	12	32	16	0	arq.update	1738355888	1738355986	98	0	x
arq5.1	ryzen	1	6	12	32	16	0	arq.update	1738355986	1738356079	93	0	x
arq3.11	ryzen	1	6	12	32	20	0	arq.update	1738356080	1738356185	105	0	x
arq4.9	ryzen	1	6	12	32	20	0	arq.update	1738356185	1738356311	126	0	x
arq5.1	ryzen	1	6	12	32	20	0	arq.update	1738356311	1738356428	117	0	x
arq3.11	ryzen	1	6	12	32	24	0	arq.update	1738356430	1738356561	131	0	x
arq4.9	ryzen	1	6	12	32	24	0	arq.update	1738356561	1738356716	155	0	x
arq5.1	ryzen	1	6	12	32	24	0	arq.update	1738356716	1738356857	141	0	x
arq3.11	ryzen	1	6	12	32	30	0	arq.update	1738356859	1738357024	165	0	x
arq4.9	ryzen	1	6	12	32	30	0	arq.update	1738357024	1738357223	199	0	x
arq5.1	ryzen	1	6	12	32	30	0	arq.update	1738357223	1738357404	181	0	x
arq3.11	ryzen	1	6	12	32	40	0	arq.update	1738357407	1738357660	253	0	x
arq4.9	ryzen	1	6	12	32	40	0	arq.update	1738357660	1738357952	292	0	x
arq5.1	ryzen	1	6	12	32	40	0	arq.update	1738357952	1738358214	262	0	x
arq3.11	ryzen	1	6	12	32	50	0	arq.update	1738358218	1738358674	456	0	-- heap space
arq4.9	ryzen	1	6	12	32	50	0	arq.update	1738358674	1738359144	470	0	-- heap space
arq5.1	ryzen	1	6	12	32	50	0	arq.update	1738359144	1738359594	450	0	-- heap space

arq3.11	aplm2	1	8	4	16	01	0	arq.update	1738939278	1738939283	5	0	x
arq4.9	aplm2	1	8	4	16	01	0	arq.update	1738939283	1738939290	7	0	x
arq5.1	aplm2	1	8	4	16	01	0	arq.update	1738939290	1738939296	6	0	x
arq3.11	aplm2	1	8	4	16	02	0	arq.update	1738939296	1738939306	10	0	x
arq4.9	aplm2	1	8	4	16	02	0	arq.update	1738939306	1738939317	11	0	x
arq5.1	aplm2	1	8	4	16	02	0	arq.update	1738939317	1738939329	12	0	x
arq3.11	aplm2	1	8	4	16	04	0	arq.update	1738939329	1738939347	18	0	x
arq4.9	aplm2	1	8	4	16	04	0	arq.update	1738939347	1738939368	21	0	x
arq5.1	aplm2	1	8	4	16	04	0	arq.update	1738939368	1738939389	21	0	x
arq3.11	aplm2	1	8	4	16	07	0	arq.update	1738939389	1738939421	32	0	x
arq4.9	aplm2	1	8	4	16	07	0	arq.update	1738939421	1738939458	37	0	x
arq5.1	aplm2	1	8	4	16	07	0	arq.update	1738939458	1738939494	36	0	x
arq3.11	aplm2	1	8	4	16	08	0	arq.update	1738939494	1738939531	37	0	x
arq4.9	aplm2	1	8	4	16	08	0	arq.update	1738939531	1738939573	42	0	x
arq5.1	aplm2	1	8	4	16	08	0	arq.update	1738939573	1738939615	42	0	x
arq3.11	aplm2	1	8	4	16	10	0	arq.update	1738939616	1738939663	47	0	x
arq4.9	aplm2	1	8	4	16	10	0	arq.update	1738939663	1738939716	53	0	x
arq5.1	aplm2	1	8	4	16	10	0	arq.update	1738939716	1738939769	53	0	x
arq3.11	aplm2	1	8	4	16	16	0	arq.update	1738939769	1738939851	82	0	x
arq4.9	aplm2	1	8	4	16	16	0	arq.update	1738939851	1738939943	92	0	x
arq5.1	aplm2	1	8	4	16	16	0	arq.update	1738939943	1738940033	90	0	x
arq3.11	aplm2	1	8	4	16	20	0	arq.update	1738940035	1738940149	114	0	x
arq4.9	aplm2	1	8	4	16	20	0	arq.update	1738940149	1738940278	129	0	x
arq5.1	aplm2	1	8	4	16	20	0	arq.update	1738940278	1738940399	121	0	x
arq3.11	aplm2	1	8	4	16	24	0	arq.update	1738940401	1738940634	233	0	-- heap space
arq4.9	aplm2	1	8	4	16	24	0	arq.update	1738940634	1738943240	2606	0	-- heap space
arq5.1	aplm2	1	8	4	16	24	0	arq.update	1738943240	1738945852	2612	0	-- heap space
arq3.11	aplm2	1	8	4	16	30	0	arq.update	1738945854	1738946234	380	0	-- heap space
arq4.9	aplm2	1	8	4	16	30	0	arq.update	1738946234	1738946679	445	0	-- heap space
arq5.1	aplm2	1	8	4	16	30	0	arq.update	1738946679	1738947101	422	0	-- heap space
arq3.11	aplm2	1	8	4	16	40	0	arq.update	1738947104	1738948910	1806	0	-- heap space
arq4.9	aplm2	1	8	4	16	40	0	arq.update	1738948910	1738949869	959	0	-- heap space
arq5.1	aplm2	1	8	4	16	40	0	arq.update	1738949869	1738950484	615	0	-- heap space
arq3.11	aplm2	1	8	4	16	50	0	arq.update	1738950487	1738951147	660	0	-- heap space
arq4.9	aplm2	1	8	4	16	50	0	arq.update	1738951147	1738951843	696	0	-- heap space
arq5.1	aplm2	1	8	4	16	50	0	arq.update	1738951843	1738952527	684	0	-- heap space

arq5.1	i7q-vm	1	4	4	16	01	0	tdb2.fuseki	1735838972	1735839027	15	2.1	x
arq5.1	i7q-vm	1	4	4	16	02	0	tdb2.fuseki	1735838972	1735839027	31	2.7	x
arq5.1	i7q-vm	1	4	4	16	04	0	tdb2.fuseki	1735838972	1735839027	66	2.3	x
arq5.1	i7q-vm	1	4	4	16	07	0	tdb2.fuseki	1735838972	1735839027	112	3.9	x
arq5.1	i7q-vm	1	4	4	16	08	0	tdb2.fuseki	1735838972	1735839027	125	4.6	x
arq5.1	i7q-vm	1	4	4	16	10	0	tdb2.fuseki	1735838972	1735839027	158	4.8	x
arq5.1	i7q-vm	1	4	4	16	16	0	tdb2.fuseki	1735838972	1735839027	259	5.8	x
arq5.1	i7q-vm	1	4	4	16	20	0	tdb2.fuseki	1735838972	1735839027	334	6.6	x
arq5.1	i7q-vm	1	4	4	16	24	0	tdb2.fuseki	1735838972	1735839027	407	7.7	x
arq5.1	i7q-vm	1	4	4	16	30	0	tdb2.fuseki	1735838972	1735839027	539	8.9	-- resulting ds: 11M tp and 4.45GB HDD
arq5.1	i7q-vm	1	4	4	16	40	0	tdb2.fuseki	1735838972	1735839027	736	9.5	x
arq5.1	i7q-vm	1	4	4	16	50	0	tdb2.fuseki	1735838972	1735839027	0	0	-- heap space
arq3.11	i7q-vm	1	4	4	16	01	0	tdb.tdbupdate	1735838972	1735839027	55	0	x
arq4.9	i7q-vm	1	4	4	16	01	0	tdb.tdbupdate	1735839027	1735839085	58	0	x
arq5.1	i7q-vm	1	4	4	16	01	0	tdb.tdbupdate	1735839085	1735839146	61	0	x
arq3.11	i7q-vm	1	4	4	16	02	0	tdb.tdbupdate	1735839177	1735839361	184	0	x
arq4.9	i7q-vm	1	4	4	16	02	0	tdb.tdbupdate	1735839361	1735839546	185	0	x
arq5.1	i7q-vm	1	4	4	16	02	0	tdb.tdbupdate	1735839546	1735839732	186	0	x
arq3.11	i7q-vm	1	4	4	16	04	0	tdb.tdbupdate	1735839785	1735840496	711	0	x
arq4.9	i7q-vm	1	4	4	16	04	0	tdb.tdbupdate	1735840496	1735841215	719	0	x
arq5.1	i7q-vm	1	4	4	16	04	0	tdb.tdbupdate	1735841215	1735841930	715	0	x
arq3.11	i7q-vm	1	4	4	16	01	0	arq.update	1735839146	1735839155	9	0	x
arq4.9	i7q-vm	1	4	4	16	01	0	arq.update	1735839155	1735839166	11	0	x
arq5.1	i7q-vm	1	4	4	16	01	0	arq.update	1735839166	1735839177	11	1.8	x
arq3.11	i7q-vm	1	4	4	16	02	0	arq.update	1735839732	1735839748	16	0	x
arq4.9	i7q-vm	1	4	4	16	02	0	arq.update	1735839748	1735839767	19	0	x
arq5.1	i7q-vm	1	4	4	16	02	0	arq.update	1735839767	1735839785	18	2.8	x
arq3.11	i7q-vm	1	4	4	16	04	0	arq.update	1735841930	1735841962	32	0	x
arq4.9	i7q-vm	1	4	4	16	04	0	arq.update	1735841962	1735841998	36	0	x
arq5.1	i7q-vm	1	4	4	16	04	0	arq.update	1735841998	1735842033	35	3.3	x
arq3.11	i7q-vm	1	4	4	16	07	0	arq.update	1735842143	1735842196	53	0	x
arq4.9	i7q-vm	1	4	4	16	07	0	arq.update	1735842196	1735842257	61	0	x
arq5.1	i7q-vm	1	4	4	16	07	0	arq.update	1735842257	1735842317	60	4.0	x
arq3.11	i7q-vm	1	4	4	16	08	0	arq.update	1735842318	1735842382	64	0	x
arq4.9	i7q-vm	1	4	4	16	08	0	arq.update	1735842382	1735842455	73	0	x
arq5.1	i7q-vm	1	4	4	16	08	0	arq.update	1735842455	1735842524	69	4.2	x
arq3.11	i7q-vm	1	4	4	16	10	0	arq.update	1735842525	1735842608	83	0	x
arq4.9	i7q-vm	1	4	4	16	10	0	arq.update	1735842608	1735842699	91	0	x
arq5.1	i7q-vm	1	4	4	16	10	0	arq.update	1735842699	1735842786	87	4.3	x
arq3.11	i7q-vm	1	4	4	16	16	0	arq.update	1735842788	1735842936	148	0	x
arq4.9	i7q-vm	1	4	4	16	16	0	arq.update	1735842936	1735843103	167	0	x
arq5.1	i7q-vm	1	4	4	16	16	0	arq.update	1735843103	1735843258	155	4.3	x
arq3.11	i7q-vm	1	4	4	16	20	0	arq.update	1735843260	1735843478	218	0	x
arq4.9	i7q-vm	1	4	4	16	20	0	arq.update	1735843478	1735843697	219	0	x
arq5.1	i7q-vm	1	4	4	16	20	0	arq.update	1735843697	1735843931	234	4.3	x
arq3.11	i7q-vm	1	4	4	16	24	0	arq.update	1735843933	1735844540	0	0	-- heap space
arq4.9	i7q-vm	1	4	4	16	24	0	arq.update	1735844540	1735847289	0	0	-- heap space
arq5.1	i7q-vm	1	4	4	16	24	0	arq.update	1735847289	1735849976	0	0	-- heap space
arq3.11	i7q-vm	1	4	4	16	30	0	arq.update	1735849980	1735850595	0	0	-- heap space
arq4.9	i7q-vm	1	4	4	16	30	0	arq.update	1735850595	1735851347	0	0	-- heap space
arq5.1	i7q-vm	1	4	4	16	30	0	arq.update	1735851347	1735852189	0	0	-- heap space
arq3.11	i7q-vm	1	4	4	16	40	0	arq.update	1735843933	1735844540	0	0	-- heap space
arq4.9	i7q-vm	1	4	4	16	40	0	arq.update	1735844540	1735847289	0	0	-- heap space
arq5.1	i7q-vm	1	4	4	16	40	0	arq.update	1735847289	1735849976	0	0	-- heap space
arq3.11	i7q-vm	1	4	4	16	50	0	arq.update	1735849980	1735850595	0	0	-- heap space
arq4.9	i7q-vm	1	4	4	16	50	0	arq.update	1735850595	1735851347	0	0	-- heap space
arq5.1	i7q-vm	1	4	4	16	50	0	arq.update	1735851347	1735852189	0	0	-- heap space

fintan	epyc	2	64	128	128	01	1	"###FULL#CORPUS#200K##"	1738104505	1738104514	9	0	x
fintan	epyc	2	64	128	128	01	4	"###FULL#CORPUS#200K##"	1738104514	1738104524	10	0	x
fintan	epyc	2	64	128	128	01	16	"###FULL#CORPUS#200K##"	1738104524	1738104533	9	0	x
fintan	epyc	2	64	128	128	01	32	"###FULL#CORPUS#200K##"	1738104533	1738104543	10	0	x
fintan	epyc	2	64	128	128	01	48	"###FULL#CORPUS#200K##"	1738104543	1738104553	10	0	x
fintan	epyc	2	64	128	128	01	64	"###FULL#CORPUS#200K##"	1738104562	1738104571	9	0	x
fintan	epyc	2	64	128	128	01	96	"###FULL#CORPUS#200K##"	1738104553	1738104562	9	0	x
fintan	epyc	2	64	128	128	01	128	"###FULL#CORPUS#200K##"	1738104571	1738104582	11	0	x
fintan	epyc	2	64	128	128	01	1	"###AVG#CORPUS#200tp##"	1738104582	1738104599	17	0	x
fintan	epyc	2	64	128	128	01	4	"###AVG#CORPUS#200tp##"	1738104599	1738104627	28	0	x
fintan	epyc	2	64	128	128	01	16	"###AVG#CORPUS#200tp##"	1738104627	1738104645	18	0	x
fintan	epyc	2	64	128	128	01	32	"###AVG#CORPUS#200tp##"	1738104645	1738104660	15	0	x
fintan	epyc	2	64	128	128	01	48	"###AVG#CORPUS#200tp##"	1738104660	1738104673	13	0	x
fintan	epyc	2	64	128	128	01	64	"###AVG#CORPUS#200tp##"	1738104682	1738104693	11	0	x
fintan	epyc	2	64	128	128	01	96	"###AVG#CORPUS#200tp##"	1738104673	1738104682	9	0	x
fintan	epyc	2	64	128	128	01	128	"###AVG#CORPUS#200tp##"	1738104693	1738104702	9	0	x
fintan	epyc	2	64	128	128	02	1	"###FULL#CORPUS#200K##"	1738104702	1738104717	15	0	x
fintan	epyc	2	64	128	128	02	4	"###FULL#CORPUS#200K##"	1738104717	1738104727	10	0	x
fintan	epyc	2	64	128	128	02	16	"###FULL#CORPUS#200K##"	1738104727	1738104738	11	0	x
fintan	epyc	2	64	128	128	02	32	"###FULL#CORPUS#200K##"	1738104738	1738104749	11	0	x
fintan	epyc	2	64	128	128	02	48	"###FULL#CORPUS#200K##"	1738104749	1738104761	12	0	x
fintan	epyc	2	64	128	128	02	64	"###FULL#CORPUS#200K##"	1738104772	1738104782	10	0	x
fintan	epyc	2	64	128	128	02	96	"###FULL#CORPUS#200K##"	1738104761	1738104772	11	0	x
fintan	epyc	2	64	128	128	02	128	"###FULL#CORPUS#200K##"	1738104782	1738104793	11	0	x
fintan	epyc	2	64	128	128	02	1	"###AVG#CORPUS#200tp##"	1738104793	1738104826	33	0	x
fintan	epyc	2	64	128	128	02	4	"###AVG#CORPUS#200tp##"	1738104826	1738104880	54	0	x
fintan	epyc	2	64	128	128	02	16	"###AVG#CORPUS#200tp##"	1738104880	1738104920	40	0	x
fintan	epyc	2	64	128	128	02	32	"###AVG#CORPUS#200tp##"	1738104920	1738104950	30	0	x
fintan	epyc	2	64	128	128	02	48	"###AVG#CORPUS#200tp##"	1738104950	1738104973	23	0	x
fintan	epyc	2	64	128	128	02	64	"###AVG#CORPUS#200tp##"	1738104990	1738105009	19	0	x
fintan	epyc	2	64	128	128	02	96	"###AVG#CORPUS#200tp##"	1738104973	1738104990	17	0	x
fintan	epyc	2	64	128	128	02	128	"###AVG#CORPUS#200tp##"	1738105009	1738105025	16	0	x
fintan	epyc	2	64	128	128	04	1	"###FULL#CORPUS#200K##"	1738105025	1738105054	29	0	x
fintan	epyc	2	64	128	128	04	4	"###FULL#CORPUS#200K##"	1738105054	1738105068	14	0	x
fintan	epyc	2	64	128	128	04	16	"###FULL#CORPUS#200K##"	1738105068	1738105081	13	0	x
fintan	epyc	2	64	128	128	04	32	"###FULL#CORPUS#200K##"	1738105081	1738105096	15	0	x
fintan	epyc	2	64	128	128	04	48	"###FULL#CORPUS#200K##"	1738105096	1738105110	14	0	x
fintan	epyc	2	64	128	128	04	64	"###FULL#CORPUS#200K##"	1738105124	1738105137	13	0	x
fintan	epyc	2	64	128	128	04	96	"###FULL#CORPUS#200K##"	1738105110	1738105124	14	0	x
fintan	epyc	2	64	128	128	04	128	"###FULL#CORPUS#200K##"	1738105137	1738105150	13	0	x
fintan	epyc	2	64	128	128	04	1	"###AVG#CORPUS#200tp##"	1738105150	1738105216	66	0	x
fintan	epyc	2	64	128	128	04	4	"###AVG#CORPUS#200tp##"	1738105216	1738105295	79	0	x
fintan	epyc	2	64	128	128	04	16	"###AVG#CORPUS#200tp##"	1738105295	1738105361	66	0	x
fintan	epyc	2	64	128	128	04	32	"###AVG#CORPUS#200tp##"	1738105361	1738105418	57	0	x
fintan	epyc	2	64	128	128	04	48	"###AVG#CORPUS#200tp##"	1738105418	1738105464	46	0	x
fintan	epyc	2	64	128	128	04	64	"###AVG#CORPUS#200tp##"	1738105495	1738105533	38	0	x
fintan	epyc	2	64	128	128	04	96	"###AVG#CORPUS#200tp##"	1738105464	1738105495	31	0	x
fintan	epyc	2	64	128	128	04	128	"###AVG#CORPUS#200tp##"	1738105533	1738105561	28	0	x
fintan	epyc	2	64	128	128	07	1	"###FULL#CORPUS#200K##"	1738105562	1738105602	40	0	x
fintan	epyc	2	64	128	128	07	4	"###FULL#CORPUS#200K##"	1738105602	1738105620	18	0	x
fintan	epyc	2	64	128	128	07	16	"###FULL#CORPUS#200K##"	1738105620	1738105637	17	0	x
fintan	epyc	2	64	128	128	07	32	"###FULL#CORPUS#200K##"	1738105637	1738105653	16	0	x
fintan	epyc	2	64	128	128	07	48	"###FULL#CORPUS#200K##"	1738105653	1738105670	17	0	x
fintan	epyc	2	64	128	128	07	64	"###FULL#CORPUS#200K##"	1738105687	1738105704	17	0	x
fintan	epyc	2	64	128	128	07	96	"###FULL#CORPUS#200K##"	1738105670	1738105687	17	0	x
fintan	epyc	2	64	128	128	07	128	"###FULL#CORPUS#200K##"	1738105704	1738105722	18	0	x
fintan	epyc	2	64	128	128	07	1	"###AVG#CORPUS#200tp##"	1738105722	1738105833	111	0	x
fintan	epyc	2	64	128	128	07	4	"###AVG#CORPUS#200tp##"	1738105833	1738106007	174	0	x
fintan	epyc	2	64	128	128	07	16	"###AVG#CORPUS#200tp##"	1738106008	1738106130	122	0	x
fintan	epyc	2	64	128	128	07	32	"###AVG#CORPUS#200tp##"	1738106130	1738106229	99	0	x
fintan	epyc	2	64	128	128	07	48	"###AVG#CORPUS#200tp##"	1738106229	1738106306	77	0	x
fintan	epyc	2	64	128	128	07	64	"###AVG#CORPUS#200tp##"	1738106360	1738106427	67	0	x
fintan	epyc	2	64	128	128	07	96	"###AVG#CORPUS#200tp##"	1738106306	1738106360	54	0	x
fintan	epyc	2	64	128	128	07	128	"###AVG#CORPUS#200tp##"	1738106427	1738106474	47	0	x
fintan	epyc	2	64	128	128	08	1	"###FULL#CORPUS#200K##"	1738106475	1738106522	47	0	x
fintan	epyc	2	64	128	128	08	4	"###FULL#CORPUS#200K##"	1738106522	1738106542	20	0	x
fintan	epyc	2	64	128	128	08	16	"###FULL#CORPUS#200K##"	1738106542	1738106561	19	0	x
fintan	epyc	2	64	128	128	08	32	"###FULL#CORPUS#200K##"	1738106561	1738106579	18	0	x
fintan	epyc	2	64	128	128	08	48	"###FULL#CORPUS#200K##"	1738106579	1738106599	20	0	x
fintan	epyc	2	64	128	128	08	64	"###FULL#CORPUS#200K##"	1738106618	1738106635	17	0	x
fintan	epyc	2	64	128	128	08	96	"###FULL#CORPUS#200K##"	1738106599	1738106618	19	0	x
fintan	epyc	2	64	128	128	08	128	"###FULL#CORPUS#200K##"	1738106635	1738106653	18	0	x
fintan	epyc	2	64	128	128	08	1	"###AVG#CORPUS#200tp##"	1738106653	1738106785	132	0	x
fintan	epyc	2	64	128	128	08	4	"###AVG#CORPUS#200tp##"	1738106785	1738106995	210	0	x
fintan	epyc	2	64	128	128	08	16	"###AVG#CORPUS#200tp##"	1738106995	1738107146	151	0	x
fintan	epyc	2	64	128	128	08	32	"###AVG#CORPUS#200tp##"	1738107146	1738107260	114	0	x
fintan	epyc	2	64	128	128	08	48	"###AVG#CORPUS#200tp##"	1738107260	1738107348	88	0	x
fintan	epyc	2	64	128	128	08	64	"###AVG#CORPUS#200tp##"	1738107409	1738107484	75	0	x
fintan	epyc	2	64	128	128	08	96	"###AVG#CORPUS#200tp##"	1738107348	1738107409	61	0	x
fintan	epyc	2	64	128	128	08	128	"###AVG#CORPUS#200tp##"	1738107484	1738107540	56	0	x
fintan	epyc	2	64	128	128	10	1	"###FULL#CORPUS#200K##"	1738107541	1738107603	62	0	x
fintan	epyc	2	64	128	128	10	4	"###FULL#CORPUS#200K##"	1738107603	1738107627	24	0	x
fintan	epyc	2	64	128	128	10	16	"###FULL#CORPUS#200K##"	1738107627	1738107648	21	0	x
fintan	epyc	2	64	128	128	10	32	"###FULL#CORPUS#200K##"	1738107648	1738107669	21	0	x
fintan	epyc	2	64	128	128	10	48	"###FULL#CORPUS#200K##"	1738107669	1738107690	21	0	x
fintan	epyc	2	64	128	128	10	64	"###FULL#CORPUS#200K##"	1738107710	1738107731	21	0	x
fintan	epyc	2	64	128	128	10	96	"###FULL#CORPUS#200K##"	1738107690	1738107710	20	0	x
fintan	epyc	2	64	128	128	10	128	"###FULL#CORPUS#200K##"	1738107731	1738107752	21	0	x
fintan	epyc	2	64	128	128	10	1	"###AVG#CORPUS#200tp##"	1738107752	1738107911	159	0	x
fintan	epyc	2	64	128	128	10	4	"###AVG#CORPUS#200tp##"	1738107911	1738108157	246	0	x
fintan	epyc	2	64	128	128	10	16	"###AVG#CORPUS#200tp##"	1738108157	1738108347	190	0	x
fintan	epyc	2	64	128	128	10	32	"###AVG#CORPUS#200tp##"	1738108347	1738108492	145	0	x
fintan	epyc	2	64	128	128	10	48	"###AVG#CORPUS#200tp##"	1738108492	1738108603	111	0	x
fintan	epyc	2	64	128	128	10	64	"###AVG#CORPUS#200tp##"	1738108678	1738108769	91	0	x
fintan	epyc	2	64	128	128	10	96	"###AVG#CORPUS#200tp##"	1738108603	1738108678	75	0	x
fintan	epyc	2	64	128	128	10	128	"###AVG#CORPUS#200tp##"	1738108769	1738108836	67	0	x
fintan	epyc	2	64	128	128	16	1	"###FULL#CORPUS#200K##"	1738108838	1738108923	85	0	x
fintan	epyc	2	64	128	128	16	4	"###FULL#CORPUS#200K##"	1738108923	1738108953	30	0	x
fintan	epyc	2	64	128	128	16	16	"###FULL#CORPUS#200K##"	1738108953	1738108979	26	0	x
fintan	epyc	2	64	128	128	16	32	"###FULL#CORPUS#200K##"	1738108979	1738109005	26	0	x
fintan	epyc	2	64	128	128	16	48	"###FULL#CORPUS#200K##"	1738109005	1738109032	27	0	x
fintan	epyc	2	64	128	128	16	64	"###FULL#CORPUS#200K##"	1738109059	1738109085	26	0	x
fintan	epyc	2	64	128	128	16	96	"###FULL#CORPUS#200K##"	1738109032	1738109059	27	0	x
fintan	epyc	2	64	128	128	16	128	"###FULL#CORPUS#200K##"	1738109085	1738109114	29	0	x
fintan	epyc	2	64	128	128	16	1	"###AVG#CORPUS#200tp##"	1738109114	1738109366	252	0	x
fintan	epyc	2	64	128	128	16	4	"###AVG#CORPUS#200tp##"	1738109366	1738109600	234	0	x
fintan	epyc	2	64	128	128	16	16	"###AVG#CORPUS#200tp##"	1738109600	1738109880	280	0	x
fintan	epyc	2	64	128	128	16	32	"###AVG#CORPUS#200tp##"	1738109880	1738110106	226	0	x
fintan	epyc	2	64	128	128	16	48	"###AVG#CORPUS#200tp##"	1738110106	1738110283	177	0	x
fintan	epyc	2	64	128	128	16	64	"###AVG#CORPUS#200tp##"	1738110400	1738110548	148	0	x
fintan	epyc	2	64	128	128	16	96	"###AVG#CORPUS#200tp##"	1738110283	1738110400	117	0	x
fintan	epyc	2	64	128	128	16	128	"###AVG#CORPUS#200tp##"	1738110548	1738110656	108	0	x
fintan	epyc	2	64	128	128	20	1	"###FULL#CORPUS#200K##"	1738110658	1738110766	108	0	x
fintan	epyc	2	64	128	128	20	4	"###FULL#CORPUS#200K##"	1738110766	1738110802	36	0	x
fintan	epyc	2	64	128	128	20	16	"###FULL#CORPUS#200K##"	1738110802	1738110832	30	0	x
fintan	epyc	2	64	128	128	20	32	"###FULL#CORPUS#200K##"	1738110832	1738110862	30	0	x
fintan	epyc	2	64	128	128	20	48	"###FULL#CORPUS#200K##"	1738110862	1738110894	32	0	x
fintan	epyc	2	64	128	128	20	64	"###FULL#CORPUS#200K##"	1738110924	1738110956	32	0	x
fintan	epyc	2	64	128	128	20	96	"###FULL#CORPUS#200K##"	1738110894	1738110924	30	0	x
fintan	epyc	2	64	128	128	20	128	"###FULL#CORPUS#200K##"	1738110956	1738110986	30	0	x
fintan	epyc	2	64	128	128	20	1	"###AVG#CORPUS#200tp##"	1738110986	1738111305	319	0	x
fintan	epyc	2	64	128	128	20	4	"###AVG#CORPUS#200tp##"	1738111305	1738111798	493	0	x
fintan	epyc	2	64	128	128	20	16	"###AVG#CORPUS#200tp##"	1738111798	1738112144	346	0	x
fintan	epyc	2	64	128	128	20	32	"###AVG#CORPUS#200tp##"	1738112144	1738112429	285	0	x
fintan	epyc	2	64	128	128	20	48	"###AVG#CORPUS#200tp##"	1738112429	1738112650	221	0	x
fintan	epyc	2	64	128	128	20	64	"###AVG#CORPUS#200tp##"	1738112800	1738112987	187	0	x
fintan	epyc	2	64	128	128	20	96	"###AVG#CORPUS#200tp##"	1738112650	1738112800	150	0	x
fintan	epyc	2	64	128	128	20	128	"###AVG#CORPUS#200tp##"	1738112987	1738113121	134	0	x
fintan	epyc	2	64	128	128	24	1	"###FULL#CORPUS#200K##"	1738113124	1738113247	123	0	x
fintan	epyc	2	64	128	128	24	4	"###FULL#CORPUS#200K##"	1738113247	1738113291	44	0	x
fintan	epyc	2	64	128	128	24	16	"###FULL#CORPUS#200K##"	1738113291	1738113326	35	0	x
fintan	epyc	2	64	128	128	24	32	"###FULL#CORPUS#200K##"	1738113326	1738113362	36	0	x
fintan	epyc	2	64	128	128	24	48	"###FULL#CORPUS#200K##"	1738113362	1738113399	37	0	x
fintan	epyc	2	64	128	128	24	64	"###FULL#CORPUS#200K##"	1738113433	1738113468	35	0	x
fintan	epyc	2	64	128	128	24	96	"###FULL#CORPUS#200K##"	1738113399	1738113433	34	0	x
fintan	epyc	2	64	128	128	24	128	"###FULL#CORPUS#200K##"	1738113468	1738113503	35	0	x
fintan	epyc	2	64	128	128	24	1	"###AVG#CORPUS#200tp##"	1738113503	1738113880	377	0	x
fintan	epyc	2	64	128	128	24	4	"###AVG#CORPUS#200tp##"	1738113880	1738114487	607	0	x
fintan	epyc	2	64	128	128	24	16	"###AVG#CORPUS#200tp##"	1738114487	1738114946	459	0	x
fintan	epyc	2	64	128	128	24	32	"###AVG#CORPUS#200tp##"	1738114946	1738115290	344	0	x
fintan	epyc	2	64	128	128	24	48	"###AVG#CORPUS#200tp##"	1738115290	1738115552	262	0	x
fintan	epyc	2	64	128	128	24	64	"###AVG#CORPUS#200tp##"	1738115733	1738115953	220	0	x
fintan	epyc	2	64	128	128	24	96	"###AVG#CORPUS#200tp##"	1738115552	1738115733	181	0	x
fintan	epyc	2	64	128	128	24	128	"###AVG#CORPUS#200tp##"	1738115953	1738116110	157	0	x
fintan	epyc	2	64	128	128	30	1	"###FULL#CORPUS#200K##"	1738116114	1738116269	155	0	x
fintan	epyc	2	64	128	128	30	4	"###FULL#CORPUS#200K##"	1738116269	1738116318	49	0	x
fintan	epyc	2	64	128	128	30	16	"###FULL#CORPUS#200K##"	1738116318	1738116359	41	0	x
fintan	epyc	2	64	128	128	30	32	"###FULL#CORPUS#200K##"	1738116359	1738116399	40	0	x
fintan	epyc	2	64	128	128	30	48	"###FULL#CORPUS#200K##"	1738116399	1738116439	40	0	x
fintan	epyc	2	64	128	128	30	64	"###FULL#CORPUS#200K##"	1738116480	1738116521	41	0	x
fintan	epyc	2	64	128	128	30	96	"###FULL#CORPUS#200K##"	1738116439	1738116480	41	0	x
fintan	epyc	2	64	128	128	30	128	"###FULL#CORPUS#200K##"	1738116521	1738116564	43	0	x
fintan	epyc	2	64	128	128	30	1	"###AVG#CORPUS#200tp##"	1738116564	1738117030	466	0	x
fintan	epyc	2	64	128	128	30	4	"###AVG#CORPUS#200tp##"	1738117030	1738117524	494	0	x
fintan	epyc	2	64	128	128	30	16	"###AVG#CORPUS#200tp##"	1738117524	1738118037	513	0	x
fintan	epyc	2	64	128	128	30	32	"###AVG#CORPUS#200tp##"	1738118037	1738118456	419	0	x
fintan	epyc	2	64	128	128	30	48	"###AVG#CORPUS#200tp##"	1738118456	1738118781	325	0	x
fintan	epyc	2	64	128	128	30	64	"###AVG#CORPUS#200tp##"	1738119003	1738119277	274	0	x
fintan	epyc	2	64	128	128	30	96	"###AVG#CORPUS#200tp##"	1738118781	1738119003	222	0	x
fintan	epyc	2	64	128	128	30	128	"###AVG#CORPUS#200tp##"	1738119277	1738119474	197	0	x
fintan	epyc	2	64	128	128	40	1	"###FULL#CORPUS#200K##"	1738119479	1738119686	207	0	x
fintan	epyc	2	64	128	128	40	4	"###FULL#CORPUS#200K##"	1738119686	1738119750	64	0	x
fintan	epyc	2	64	128	128	40	16	"###FULL#CORPUS#200K##"	1738119750	1738119798	48	0	x
fintan	epyc	2	64	128	128	40	32	"###FULL#CORPUS#200K##"	1738119798	1738119847	49	0	x
fintan	epyc	2	64	128	128	40	48	"###FULL#CORPUS#200K##"	1738119847	1738119900	53	0	x
fintan	epyc	2	64	128	128	40	64	"###FULL#CORPUS#200K##"	1738119951	1738120001	50	0	x
fintan	epyc	2	64	128	128	40	96	"###FULL#CORPUS#200K##"	1738119900	1738119951	51	0	x
fintan	epyc	2	64	128	128	40	128	"###FULL#CORPUS#200K##"	1738120001	1738120052	51	0	x
fintan	epyc	2	64	128	128	40	1	"###AVG#CORPUS#200tp##"	1738120052	1738120687	635	0	x
fintan	epyc	2	64	128	128	40	4	"###AVG#CORPUS#200tp##"	1738120687	1738121255	568	0	x
fintan	epyc	2	64	128	128	40	16	"###AVG#CORPUS#200tp##"	1738121255	1738121910	655	0	x
fintan	epyc	2	64	128	128	40	32	"###AVG#CORPUS#200tp##"	1738121910	1738122473	563	0	x
fintan	epyc	2	64	128	128	40	48	"###AVG#CORPUS#200tp##"	1738122473	1738122906	433	0	x
fintan	epyc	2	64	128	128	40	64	"###AVG#CORPUS#200tp##"	1738123199	1738123563	364	0	x
fintan	epyc	2	64	128	128	40	96	"###AVG#CORPUS#200tp##"	1738122906	1738123199	293	0	x
fintan	epyc	2	64	128	128	40	128	"###AVG#CORPUS#200tp##"	1738123563	1738123825	262	0	x
fintan	epyc	2	64	128	128	50	1	"###FULL#CORPUS#200K##"	1738123832	1738124095	263	0	x
fintan	epyc	2	64	128	128	50	4	"###FULL#CORPUS#200K##"	1738124095	1738124168	73	0	x
fintan	epyc	2	64	128	128	50	16	"###FULL#CORPUS#200K##"	1738124168	1738124230	62	0	x
fintan	epyc	2	64	128	128	50	32	"###FULL#CORPUS#200K##"	1738124230	1738124288	58	0	x
fintan	epyc	2	64	128	128	50	48	"###FULL#CORPUS#200K##"	1738124288	1738124346	58	0	x
fintan	epyc	2	64	128	128	50	64	"###FULL#CORPUS#200K##"	1738124403	1738124468	65	0	x
fintan	epyc	2	64	128	128	50	96	"###FULL#CORPUS#200K##"	1738124346	1738124403	57	0	x
fintan	epyc	2	64	128	128	50	128	"###FULL#CORPUS#200K##"	1738124468	1738124527	59	0	x
fintan	epyc	2	64	128	128	50	1	"###AVG#CORPUS#200tp##"	1738138537	1738139311	774	0	x
fintan	epyc	2	64	128	128	50	4	"###AVG#CORPUS#200tp##"	1738139311	1738139942	631	0	x
fintan	epyc	2	64	128	128	50	16	"###AVG#CORPUS#200tp##"	1738139942	1738140703	761	0	x
fintan	epyc	2	64	128	128	50	32	"###AVG#CORPUS#200tp##"	1738140703	1738141401	698	0	x
fintan	epyc	2	64	128	128	50	48	"###AVG#CORPUS#200tp##"	1738141401	1738141943	542	0	x
fintan	epyc	2	64	128	128	50	64	"###AVG#CORPUS#200tp##"	1738142307	1738142761	454	0	x
fintan	epyc	2	64	128	128	50	96	"###AVG#CORPUS#200tp##"	1738141943	1738142307	364	0	x
fintan	epyc	2	64	128	128	50	128	"###AVG#CORPUS#200tp##"	1738142761	1738143089	328	0	x

fintan	xeon	2	48	96	999	01	1	"###FULL#CORPUS#200K##"	1736697652	1736697665	13	0	x
fintan	xeon	2	48	96	999	01	4	"###FULL#CORPUS#200K##"	1736697665	1736697677	12	0	x
fintan	xeon	2	48	96	999	01	16	"###FULL#CORPUS#200K##"	1736697678	1736697689	11	0	x
fintan	xeon	2	48	96	999	01	32	"###FULL#CORPUS#200K##"	1736697689	1736697701	12	0	x
fintan	xeon	2	48	96	999	01	48	"###FULL#CORPUS#200K##"	1736697701	1736697713	12	0	x
fintan	xeon	2	48	96	999	01	96	"###FULL#CORPUS#200K##"	1736697713	1736697725	12	2.0	x
fintan	xeon	2	48	96	999	01	1	"###AVG#CORPUS#200tp##"	1736697725	1736697743	18	0	x
fintan	xeon	2	48	96	999	01	4	"###AVG#CORPUS#200tp##"	1736697743	1736697760	17	0	x
fintan	xeon	2	48	96	999	01	16	"###AVG#CORPUS#200tp##"	1736697760	1736697777	17	0	x
fintan	xeon	2	48	96	999	01	32	"###AVG#CORPUS#200tp##"	1736697777	1736697786	9	0	x
fintan	xeon	2	48	96	999	01	48	"###AVG#CORPUS#200tp##"	1736697786	1736697795	9	0	x
fintan	xeon	2	48	96	999	01	96	"###AVG#CORPUS#200tp##"	1736697795	1736697802	7	2.1	x
fintan	xeon	2	48	96	999	02	1	"###FULL#CORPUS#200K##"	1736697802	1736697816	14	0	x
fintan	xeon	2	48	96	999	02	4	"###FULL#CORPUS#200K##"	1736697816	1736697826	10	0	x
fintan	xeon	2	48	96	999	02	16	"###FULL#CORPUS#200K##"	1736697826	1736697838	12	0	x
fintan	xeon	2	48	96	999	02	32	"###FULL#CORPUS#200K##"	1736697838	1736697849	11	0	x
fintan	xeon	2	48	96	999	02	48	"###FULL#CORPUS#200K##"	1736697849	1736697861	12	0	x
fintan	xeon	2	48	96	999	02	96	"###FULL#CORPUS#200K##"	1736697861	1736697877	16	3.8	x
fintan	xeon	2	48	96	999	02	1	"###AVG#CORPUS#200tp##"	1736697877	1736697907	30	0	x
fintan	xeon	2	48	96	999	02	4	"###AVG#CORPUS#200tp##"	1736697907	1736697941	34	0	x
fintan	xeon	2	48	96	999	02	16	"###AVG#CORPUS#200tp##"	1736697941	1736697961	20	0	x
fintan	xeon	2	48	96	999	02	32	"###AVG#CORPUS#200tp##"	1736697961	1736697977	16	0	x
fintan	xeon	2	48	96	999	02	48	"###AVG#CORPUS#200tp##"	1736697977	1736697993	16	0	x
fintan	xeon	2	48	96	999	02	96	"###AVG#CORPUS#200tp##"	1736697993	1736698005	12	3.3	x
fintan	xeon	2	48	96	999	04	1	"###FULL#CORPUS#200K##"	1736698005	1736698026	21	0	x
fintan	xeon	2	48	96	999	04	4	"###FULL#CORPUS#200K##"	1736698026	1736698040	14	0	x
fintan	xeon	2	48	96	999	04	16	"###FULL#CORPUS#200K##"	1736698040	1736698054	14	0	x
fintan	xeon	2	48	96	999	04	32	"###FULL#CORPUS#200K##"	1736698054	1736698069	15	0	x
fintan	xeon	2	48	96	999	04	48	"###FULL#CORPUS#200K##"	1736698069	1736698085	16	0	x
fintan	xeon	2	48	96	999	04	96	"###FULL#CORPUS#200K##"	1736698085	1736698104	19	6.8	x
fintan	xeon	2	48	96	999	04	1	"###AVG#CORPUS#200tp##"	1736698104	1736698149	45	0	x
fintan	xeon	2	48	96	999	04	4	"###AVG#CORPUS#200tp##"	1736698149	1736698201	52	0	x
fintan	xeon	2	48	96	999	04	16	"###AVG#CORPUS#200tp##"	1736698201	1736698240	39	0	x
fintan	xeon	2	48	96	999	04	32	"###AVG#CORPUS#200tp##"	1736698240	1736698271	31	0	x
fintan	xeon	2	48	96	999	04	48	"###AVG#CORPUS#200tp##"	1736698271	1736698300	29	0	x
fintan	xeon	2	48	96	999	04	96	"###AVG#CORPUS#200tp##"	1736698300	1736698322	22	3.1	x
fintan	xeon	2	48	96	999	07	1	"###FULL#CORPUS#200K##"	1736698323	1736698354	31	0	x
fintan	xeon	2	48	96	999	07	4	"###FULL#CORPUS#200K##"	1736698354	1736698371	17	0	x
fintan	xeon	2	48	96	999	07	16	"###FULL#CORPUS#200K##"	1736698371	1736698388	17	0	x
fintan	xeon	2	48	96	999	07	32	"###FULL#CORPUS#200K##"	1736698388	1736698407	19	0	x
fintan	xeon	2	48	96	999	07	48	"###FULL#CORPUS#200K##"	1736698407	1736698427	20	0	x
fintan	xeon	2	48	96	999	07	96	"###FULL#CORPUS#200K##"	1736698427	1736698446	19	9.3	x
fintan	xeon	2	48	96	999	07	1	"###AVG#CORPUS#200tp##"	1736698446	1736698519	73	0	x
fintan	xeon	2	48	96	999	07	4	"###AVG#CORPUS#200tp##"	1736698519	1736698617	98	0	x
fintan	xeon	2	48	96	999	07	16	"###AVG#CORPUS#200tp##"	1736698617	1736698681	64	0	x
fintan	xeon	2	48	96	999	07	32	"###AVG#CORPUS#200tp##"	1736698681	1736698733	52	0	x
fintan	xeon	2	48	96	999	07	48	"###AVG#CORPUS#200tp##"	1736698733	1736698782	49	0	x
fintan	xeon	2	48	96	999	07	96	"###AVG#CORPUS#200tp##"	1736698782	1736698819	37	3.2	x
fintan	xeon	2	48	96	999	08	1	"###FULL#CORPUS#200K##"	1736698820	1736698854	34	0	x
fintan	xeon	2	48	96	999	08	4	"###FULL#CORPUS#200K##"	1736698854	1736698871	17	0	x
fintan	xeon	2	48	96	999	08	16	"###FULL#CORPUS#200K##"	1736698871	1736698892	21	0	x
fintan	xeon	2	48	96	999	08	32	"###FULL#CORPUS#200K##"	1736698892	1736698914	22	0	x
fintan	xeon	2	48	96	999	08	48	"###FULL#CORPUS#200K##"	1736698914	1736698934	20	0	x
fintan	xeon	2	48	96	999	08	96	"###FULL#CORPUS#200K##"	1736698934	1736698953	19	10.1	x
fintan	xeon	2	48	96	999	08	1	"###AVG#CORPUS#200tp##"	1736698953	1736699033	80	0	x
fintan	xeon	2	48	96	999	08	4	"###AVG#CORPUS#200tp##"	1736699033	1736699144	111	0	x
fintan	xeon	2	48	96	999	08	16	"###AVG#CORPUS#200tp##"	1736699144	1736699218	74	0	x
fintan	xeon	2	48	96	999	08	32	"###AVG#CORPUS#200tp##"	1736699218	1736699276	58	0	x
fintan	xeon	2	48	96	999	08	48	"###AVG#CORPUS#200tp##"	1736699276	1736699333	57	0	x
fintan	xeon	2	48	96	999	08	96	"###AVG#CORPUS#200tp##"	1736699333	1736699378	45	3.8	x
fintan	xeon	2	48	96	999	10	1	"###FULL#CORPUS#200K##"	1736699379	1736699414	35	0	x
fintan	xeon	2	48	96	999	10	4	"###FULL#CORPUS#200K##"	1736699414	1736699434	20	0	x
fintan	xeon	2	48	96	999	10	16	"###FULL#CORPUS#200K##"	1736699434	1736699456	22	0	x
fintan	xeon	2	48	96	999	10	32	"###FULL#CORPUS#200K##"	1736699456	1736699480	24	0	x
fintan	xeon	2	48	96	999	10	48	"###FULL#CORPUS#200K##"	1736699480	1736699503	23	0	x
fintan	xeon	2	48	96	999	10	96	"###FULL#CORPUS#200K##"	1736699503	1736699532	29	11.2	x
fintan	xeon	2	48	96	999	10	1	"###AVG#CORPUS#200tp##"	1736699532	1736699633	101	0	x
fintan	xeon	2	48	96	999	10	4	"###AVG#CORPUS#200tp##"	1736699633	1736699761	128	0	x
fintan	xeon	2	48	96	999	10	16	"###AVG#CORPUS#200tp##"	1736699761	1736699856	95	0	x
fintan	xeon	2	48	96	999	10	32	"###AVG#CORPUS#200tp##"	1736699856	1736699929	73	0	x
fintan	xeon	2	48	96	999	10	48	"###AVG#CORPUS#200tp##"	1736699929	1736700001	72	0	x
fintan	xeon	2	48	96	999	10	96	"###AVG#CORPUS#200tp##"	1736700001	1736700052	51	3.1	x
fintan	xeon	2	48	96	999	16	1	"###FULL#CORPUS#200K##"	1736700054	1736700119	65	0	x
fintan	xeon	2	48	96	999	16	4	"###FULL#CORPUS#200K##"	1736700119	1736700150	31	0	x
fintan	xeon	2	48	96	999	16	16	"###FULL#CORPUS#200K##"	1736700150	1736700177	27	0	x
fintan	xeon	2	48	96	999	16	32	"###FULL#CORPUS#200K##"	1736700177	1736700205	28	0	x
fintan	xeon	2	48	96	999	16	48	"###FULL#CORPUS#200K##"	1736700205	1736700232	27	0	x
fintan	xeon	2	48	96	999	16	96	"###FULL#CORPUS#200K##"	1736700232	1736700260	28	12.6	x
fintan	xeon	2	48	96	999	16	1	"###AVG#CORPUS#200tp##"	1736700260	1736700420	160	0	x
fintan	xeon	2	48	96	999	16	4	"###AVG#CORPUS#200tp##"	1736700420	1736700628	208	0	x
fintan	xeon	2	48	96	999	16	16	"###AVG#CORPUS#200tp##"	1736700628	1736700772	144	0	x
fintan	xeon	2	48	96	999	16	32	"###AVG#CORPUS#200tp##"	1736700772	1736700890	118	0	x
fintan	xeon	2	48	96	999	16	48	"###AVG#CORPUS#200tp##"	1736700890	1736701009	119	0	x
fintan	xeon	2	48	96	999	16	96	"###AVG#CORPUS#200tp##"	1736701009	1736701091	82	2.8	x
fintan	xeon	2	48	96	999	20	1	"###FULL#CORPUS#200K##"	1736701093	1736701167	74	0	x
fintan	xeon	2	48	96	999	20	4	"###FULL#CORPUS#200K##"	1736701167	1736701201	34	0	x
fintan	xeon	2	48	96	999	20	16	"###FULL#CORPUS#200K##"	1736701201	1736701232	31	0	x
fintan	xeon	2	48	96	999	20	32	"###FULL#CORPUS#200K##"	1736701232	1736701263	31	0	x
fintan	xeon	2	48	96	999	20	48	"###FULL#CORPUS#200K##"	1736701263	1736701296	33	0	x
fintan	xeon	2	48	96	999	20	96	"###FULL#CORPUS#200K##"	1736701296	1736701328	32	14.3	x
fintan	xeon	2	48	96	999	20	1	"###AVG#CORPUS#200tp##"	1736701328	1736701521	193	0	x
fintan	xeon	2	48	96	999	20	4	"###AVG#CORPUS#200tp##"	1736701521	1736701787	266	0	x
fintan	xeon	2	48	96	999	20	16	"###AVG#CORPUS#200tp##"	1736701787	1736701973	186	0	x
fintan	xeon	2	48	96	999	20	32	"###AVG#CORPUS#200tp##"	1736701973	1736702117	144	0	x
fintan	xeon	2	48	96	999	20	48	"###AVG#CORPUS#200tp##"	1736702117	1736702252	135	0	x
fintan	xeon	2	48	96	999	20	96	"###AVG#CORPUS#200tp##"	1736702252	1736702354	102	2.9	x
fintan	xeon	2	48	96	999	24	1	"###FULL#CORPUS#200K##"	1736702356	1736702439	83	0	x
fintan	xeon	2	48	96	999	24	4	"###FULL#CORPUS#200K##"	1736702439	1736702473	34	0	x
fintan	xeon	2	48	96	999	24	16	"###FULL#CORPUS#200K##"	1736702473	1736702511	38	0	x
fintan	xeon	2	48	96	999	24	32	"###FULL#CORPUS#200K##"	1736702511	1736702549	38	0	x
fintan	xeon	2	48	96	999	24	48	"###FULL#CORPUS#200K##"	1736702549	1736702586	37	0	x
fintan	xeon	2	48	96	999	24	96	"###FULL#CORPUS#200K##"	1736702586	1736702625	39	13.8	x
fintan	xeon	2	48	96	999	24	1	"###AVG#CORPUS#200tp##"	1736702625	1736702848	223	0	x
fintan	xeon	2	48	96	999	24	4	"###AVG#CORPUS#200tp##"	1736702848	1736703159	311	0	x
fintan	xeon	2	48	96	999	24	16	"###AVG#CORPUS#200tp##"	1736703159	1736703374	215	0	x
fintan	xeon	2	48	96	999	24	32	"###AVG#CORPUS#200tp##"	1736703374	1736703546	172	0	x
fintan	xeon	2	48	96	999	24	48	"###AVG#CORPUS#200tp##"	1736703546	1736703709	163	0	x
fintan	xeon	2	48	96	999	24	96	"###AVG#CORPUS#200tp##"	1736703709	1736703829	120	3.2	x
fintan	xeon	2	48	96	999	30	1	"###FULL#CORPUS#200K##"	1736703832	1736703944	112	0	x
fintan	xeon	2	48	96	999	30	4	"###FULL#CORPUS#200K##"	1736703944	1736703988	44	0	x
fintan	xeon	2	48	96	999	30	16	"###FULL#CORPUS#200K##"	1736703988	1736704029	41	0	x
fintan	xeon	2	48	96	999	30	32	"###FULL#CORPUS#200K##"	1736704029	1736704071	42	0	x
fintan	xeon	2	48	96	999	30	48	"###FULL#CORPUS#200K##"	1736704071	1736704113	42	0	x
fintan	xeon	2	48	96	999	30	96	"###FULL#CORPUS#200K##"	1736704113	1736704152	39	13.8	x
fintan	xeon	2	48	96	999	30	1	"###AVG#CORPUS#200tp##"	1736704152	1736704429	277	0	x
fintan	xeon	2	48	96	999	30	4	"###AVG#CORPUS#200tp##"	1736704429	1736704826	397	0	x
fintan	xeon	2	48	96	999	30	16	"###AVG#CORPUS#200tp##"	1736704826	1736705094	268	0	x
fintan	xeon	2	48	96	999	30	32	"###AVG#CORPUS#200tp##"	1736705094	1736705306	212	0	x
fintan	xeon	2	48	96	999	30	48	"###AVG#CORPUS#200tp##"	1736705306	1736705513	207	0	x
fintan	xeon	2	48	96	999	30	96	"###AVG#CORPUS#200tp##"	1736705513	1736705665	152	3.3	x
fintan	xeon	2	48	96	999	40	1	"###FULL#CORPUS#200K##"	1736705669	1736705808	139	0	x
fintan	xeon	2	48	96	999	40	4	"###FULL#CORPUS#200K##"	1736705808	1736705861	53	0	x
fintan	xeon	2	48	96	999	40	16	"###FULL#CORPUS#200K##"	1736705861	1736705910	49	0	x
fintan	xeon	2	48	96	999	40	32	"###FULL#CORPUS#200K##"	1736705910	1736705957	47	0	x
fintan	xeon	2	48	96	999	40	48	"###FULL#CORPUS#200K##"	1736705957	1736706007	50	0	x
fintan	xeon	2	48	96	999	40	96	"###FULL#CORPUS#200K##"	1736706007	1736706056	49	14.7	x
fintan	xeon	2	48	96	999	40	1	"###AVG#CORPUS#200tp##"	1736706056	1736706431	375	0	x
fintan	xeon	2	48	96	999	40	4	"###AVG#CORPUS#200tp##"	1736706431	1736706948	517	0	x
fintan	xeon	2	48	96	999	40	16	"###AVG#CORPUS#200tp##"	1736706948	1736707313	365	0	x
fintan	xeon	2	48	96	999	40	32	"###AVG#CORPUS#200tp##"	1736707313	1736707605	292	0	x
fintan	xeon	2	48	96	999	40	48	"###AVG#CORPUS#200tp##"	1736707605	1736707883	278	0	x
fintan	xeon	2	48	96	999	40	96	"###AVG#CORPUS#200tp##"	1736707883	1736708086	203	3.2	x
fintan	xeon	2	48	96	999	50	1	"###FULL#CORPUS#200K##"	1736708089	1736708266	177	0	x
fintan	xeon	2	48	96	999	50	4	"###FULL#CORPUS#200K##"	1736708266	1736708333	67	0	x
fintan	xeon	2	48	96	999	50	16	"###FULL#CORPUS#200K##"	1736708333	1736708396	63	0	x
fintan	xeon	2	48	96	999	50	32	"###FULL#CORPUS#200K##"	1736708396	1736708463	67	0	x
fintan	xeon	2	48	96	999	50	48	"###FULL#CORPUS#200K##"	1736708463	1736708528	65	0	x
fintan	xeon	2	48	96	999	50	96	"###FULL#CORPUS#200K##"	1736708528	1736708597	69	15.0	x
fintan	xeon	2	48	96	999	50	1	"###AVG#CORPUS#200tp##"	1736708597	1736709061	464	0	x
fintan	xeon	2	48	96	999	50	4	"###AVG#CORPUS#200tp##"	1736709061	1736709729	668	0	x
fintan	xeon	2	48	96	999	50	16	"###AVG#CORPUS#200tp##"	1736709729	1736710197	468	0	x
fintan	xeon	2	48	96	999	50	32	"###AVG#CORPUS#200tp##"	1736710197	1736710553	356	0	x
fintan	xeon	2	48	96	999	50	48	"###AVG#CORPUS#200tp##"	1736710553	1736710907	354	0	x
fintan	xeon	2	48	96	999	50	96	"###AVG#CORPUS#200tp##"	1736710907	1736711154	247	3.8	x

fintan	ryzen	1	6	12	32	01	1	"###FULL#CORPUS#200K##"	1738346217	1738346229	12	0	x
fintan	ryzen	1	6	12	32	01	4	"###FULL#CORPUS#200K##"	1738346229	1738346236	7	0	x
fintan	ryzen	1	6	12	32	01	6	"###FULL#CORPUS#200K##"	1738346236	1738346242	6	0	x
fintan	ryzen	1	6	12	32	01	12	"###FULL#CORPUS#200K##"	1738346242	1738346249	7	0	x
fintan	ryzen	1	6	12	32	01	16	"###FULL#CORPUS#200K##"	1738346249	1738346255	6	0	x
fintan	ryzen	1	6	12	32	01	32	"###FULL#CORPUS#200K##"	1738346255	1738346262	7	0	x
fintan	ryzen	1	6	12	32	01	1	"###AVG#CORPUS#200tp##"	1738346262	1738346272	10	0	x
fintan	ryzen	1	6	12	32	01	4	"###AVG#CORPUS#200tp##"	1738346272	1738346278	6	0	x
fintan	ryzen	1	6	12	32	01	6	"###AVG#CORPUS#200tp##"	1738346278	1738346282	4	0	x
fintan	ryzen	1	6	12	32	01	12	"###AVG#CORPUS#200tp##"	1738346282	1738346286	4	0	x
fintan	ryzen	1	6	12	32	01	16	"###AVG#CORPUS#200tp##"	1738346286	1738346290	4	0	x
fintan	ryzen	1	6	12	32	01	32	"###AVG#CORPUS#200tp##"	1738346290	1738346294	4	0	x
fintan	ryzen	1	6	12	32	02	1	"###FULL#CORPUS#200K##"	1738346294	1738346304	10	0	x
fintan	ryzen	1	6	12	32	02	4	"###FULL#CORPUS#200K##"	1738346304	1738346311	7	0	x
fintan	ryzen	1	6	12	32	02	6	"###FULL#CORPUS#200K##"	1738346311	1738346318	7	0	x
fintan	ryzen	1	6	12	32	02	12	"###FULL#CORPUS#200K##"	1738346318	1738346324	6	0	x
fintan	ryzen	1	6	12	32	02	16	"###FULL#CORPUS#200K##"	1738346324	1738346331	7	0	x
fintan	ryzen	1	6	12	32	02	32	"###FULL#CORPUS#200K##"	1738346331	1738346337	6	0	x
fintan	ryzen	1	6	12	32	02	1	"###AVG#CORPUS#200tp##"	1738346337	1738346354	17	0	x
fintan	ryzen	1	6	12	32	02	4	"###AVG#CORPUS#200tp##"	1738346354	1738346362	8	0	x
fintan	ryzen	1	6	12	32	02	6	"###AVG#CORPUS#200tp##"	1738346362	1738346369	7	0	x
fintan	ryzen	1	6	12	32	02	12	"###AVG#CORPUS#200tp##"	1738346369	1738346374	5	0	x
fintan	ryzen	1	6	12	32	02	16	"###AVG#CORPUS#200tp##"	1738346374	1738346381	7	0	x
fintan	ryzen	1	6	12	32	02	32	"###AVG#CORPUS#200tp##"	1738346381	1738346387	6	0	x
fintan	ryzen	1	6	12	32	04	1	"###FULL#CORPUS#200K##"	1738346387	1738346402	15	0	x
fintan	ryzen	1	6	12	32	04	4	"###FULL#CORPUS#200K##"	1738346402	1738346410	8	0	x
fintan	ryzen	1	6	12	32	04	6	"###FULL#CORPUS#200K##"	1738346410	1738346419	9	0	x
fintan	ryzen	1	6	12	32	04	12	"###FULL#CORPUS#200K##"	1738346419	1738346427	8	0	x
fintan	ryzen	1	6	12	32	04	16	"###FULL#CORPUS#200K##"	1738346427	1738346436	9	0	x
fintan	ryzen	1	6	12	32	04	32	"###FULL#CORPUS#200K##"	1738346436	1738346445	9	0	x
fintan	ryzen	1	6	12	32	04	1	"###AVG#CORPUS#200tp##"	1738346445	1738346477	32	0	x
fintan	ryzen	1	6	12	32	04	4	"###AVG#CORPUS#200tp##"	1738346477	1738346491	14	0	x
fintan	ryzen	1	6	12	32	04	6	"###AVG#CORPUS#200tp##"	1738346491	1738346503	12	0	x
fintan	ryzen	1	6	12	32	04	12	"###AVG#CORPUS#200tp##"	1738346503	1738346513	10	0	x
fintan	ryzen	1	6	12	32	04	16	"###AVG#CORPUS#200tp##"	1738346513	1738346523	10	0	x
fintan	ryzen	1	6	12	32	04	32	"###AVG#CORPUS#200tp##"	1738346523	1738346533	10	0	x
fintan	ryzen	1	6	12	32	07	1	"###FULL#CORPUS#200K##"	1738346534	1738346556	22	0	x
fintan	ryzen	1	6	12	32	07	4	"###FULL#CORPUS#200K##"	1738346556	1738346568	12	0	x
fintan	ryzen	1	6	12	32	07	6	"###FULL#CORPUS#200K##"	1738346568	1738346579	11	0	x
fintan	ryzen	1	6	12	32	07	12	"###FULL#CORPUS#200K##"	1738346579	1738346590	11	0	x
fintan	ryzen	1	6	12	32	07	16	"###FULL#CORPUS#200K##"	1738346590	1738346601	11	0	x
fintan	ryzen	1	6	12	32	07	32	"###FULL#CORPUS#200K##"	1738346601	1738346613	12	0	x
fintan	ryzen	1	6	12	32	07	1	"###AVG#CORPUS#200tp##"	1738346613	1738346669	56	0	x
fintan	ryzen	1	6	12	32	07	4	"###AVG#CORPUS#200tp##"	1738346669	1738346693	24	0	x
fintan	ryzen	1	6	12	32	07	6	"###AVG#CORPUS#200tp##"	1738346693	1738346712	19	0	x
fintan	ryzen	1	6	12	32	07	12	"###AVG#CORPUS#200tp##"	1738346712	1738346728	16	0	x
fintan	ryzen	1	6	12	32	07	16	"###AVG#CORPUS#200tp##"	1738346728	1738346744	16	0	x
fintan	ryzen	1	6	12	32	07	32	"###AVG#CORPUS#200tp##"	1738346744	1738346760	16	0	x
fintan	ryzen	1	6	12	32	08	1	"###FULL#CORPUS#200K##"	1738346760	1738346785	25	0	x
fintan	ryzen	1	6	12	32	08	4	"###FULL#CORPUS#200K##"	1738346785	1738346798	13	0	x
fintan	ryzen	1	6	12	32	08	6	"###FULL#CORPUS#200K##"	1738346798	1738346810	12	0	x
fintan	ryzen	1	6	12	32	08	12	"###FULL#CORPUS#200K##"	1738346810	1738346822	12	0	x
fintan	ryzen	1	6	12	32	08	16	"###FULL#CORPUS#200K##"	1738346822	1738346834	12	0	x
fintan	ryzen	1	6	12	32	08	32	"###FULL#CORPUS#200K##"	1738346834	1738346846	12	0	x
fintan	ryzen	1	6	12	32	08	1	"###AVG#CORPUS#200tp##"	1738346846	1738346909	63	0	x
fintan	ryzen	1	6	12	32	08	4	"###AVG#CORPUS#200tp##"	1738346909	1738346935	26	0	x
fintan	ryzen	1	6	12	32	08	6	"###AVG#CORPUS#200tp##"	1738346935	1738346957	22	0	x
fintan	ryzen	1	6	12	32	08	12	"###AVG#CORPUS#200tp##"	1738346957	1738346975	18	0	x
fintan	ryzen	1	6	12	32	08	16	"###AVG#CORPUS#200tp##"	1738346975	1738346992	17	0	x
fintan	ryzen	1	6	12	32	08	32	"###AVG#CORPUS#200tp##"	1738346992	1738347010	18	0	x
fintan	ryzen	1	6	12	32	10	1	"###FULL#CORPUS#200K##"	1738347011	1738347043	32	0	x
fintan	ryzen	1	6	12	32	10	4	"###FULL#CORPUS#200K##"	1738347043	1738347059	16	0	x
fintan	ryzen	1	6	12	32	10	6	"###FULL#CORPUS#200K##"	1738347059	1738347075	16	0	x
fintan	ryzen	1	6	12	32	10	12	"###FULL#CORPUS#200K##"	1738347075	1738347089	14	0	x
fintan	ryzen	1	6	12	32	10	16	"###FULL#CORPUS#200K##"	1738347089	1738347103	14	0	x
fintan	ryzen	1	6	12	32	10	32	"###FULL#CORPUS#200K##"	1738347103	1738347117	14	0	x
fintan	ryzen	1	6	12	32	10	1	"###AVG#CORPUS#200tp##"	1738347117	1738347196	79	0	x
fintan	ryzen	1	6	12	32	10	4	"###AVG#CORPUS#200tp##"	1738347196	1738347229	33	0	x
fintan	ryzen	1	6	12	32	10	6	"###AVG#CORPUS#200tp##"	1738347229	1738347256	27	0	x
fintan	ryzen	1	6	12	32	10	12	"###AVG#CORPUS#200tp##"	1738347256	1738347277	21	0	x
fintan	ryzen	1	6	12	32	10	16	"###AVG#CORPUS#200tp##"	1738347277	1738347299	22	0	x
fintan	ryzen	1	6	12	32	10	32	"###AVG#CORPUS#200tp##"	1738347299	1738347321	22	0	x
fintan	ryzen	1	6	12	32	16	1	"###FULL#CORPUS#200K##"	1738347322	1738347369	47	0	x
fintan	ryzen	1	6	12	32	16	4	"###FULL#CORPUS#200K##"	1738347369	1738347390	21	0	x
fintan	ryzen	1	6	12	32	16	6	"###FULL#CORPUS#200K##"	1738347390	1738347410	20	0	x
fintan	ryzen	1	6	12	32	16	12	"###FULL#CORPUS#200K##"	1738347410	1738347430	20	0	x
fintan	ryzen	1	6	12	32	16	16	"###FULL#CORPUS#200K##"	1738347430	1738347450	20	0	x
fintan	ryzen	1	6	12	32	16	32	"###FULL#CORPUS#200K##"	1738347450	1738347471	21	0	x
fintan	ryzen	1	6	12	32	16	1	"###AVG#CORPUS#200tp##"	1738347471	1738347595	124	0	x
fintan	ryzen	1	6	12	32	16	4	"###AVG#CORPUS#200tp##"	1738347595	1738347646	51	0	x
fintan	ryzen	1	6	12	32	16	6	"###AVG#CORPUS#200tp##"	1738347646	1738347688	42	0	x
fintan	ryzen	1	6	12	32	16	12	"###AVG#CORPUS#200tp##"	1738347688	1738347721	33	0	x
fintan	ryzen	1	6	12	32	16	16	"###AVG#CORPUS#200tp##"	1738347721	1738347755	34	0	x
fintan	ryzen	1	6	12	32	16	32	"###AVG#CORPUS#200tp##"	1738347755	1738347788	33	0	x
fintan	ryzen	1	6	12	32	20	1	"###FULL#CORPUS#200K##"	1738347790	1738347849	59	0	x
fintan	ryzen	1	6	12	32	20	4	"###FULL#CORPUS#200K##"	1738347849	1738347875	26	0	x
fintan	ryzen	1	6	12	32	20	6	"###FULL#CORPUS#200K##"	1738347875	1738347898	23	0	x
fintan	ryzen	1	6	12	32	20	12	"###FULL#CORPUS#200K##"	1738347898	1738347922	24	0	x
fintan	ryzen	1	6	12	32	20	16	"###FULL#CORPUS#200K##"	1738347922	1738347946	24	0	x
fintan	ryzen	1	6	12	32	20	32	"###FULL#CORPUS#200K##"	1738347946	1738347970	24	0	x
fintan	ryzen	1	6	12	32	20	1	"###AVG#CORPUS#200tp##"	1738347970	1738348126	156	0	x
fintan	ryzen	1	6	12	32	20	4	"###AVG#CORPUS#200tp##"	1738348126	1738348191	65	0	x
fintan	ryzen	1	6	12	32	20	6	"###AVG#CORPUS#200tp##"	1738348191	1738348243	52	0	x
fintan	ryzen	1	6	12	32	20	12	"###AVG#CORPUS#200tp##"	1738348243	1738348284	41	0	x
fintan	ryzen	1	6	12	32	20	16	"###AVG#CORPUS#200tp##"	1738348284	1738348325	41	0	x
fintan	ryzen	1	6	12	32	20	32	"###AVG#CORPUS#200tp##"	1738348325	1738348367	42	0	x
fintan	ryzen	1	6	12	32	24	1	"###FULL#CORPUS#200K##"	1738348368	1738348440	72	0	x
fintan	ryzen	1	6	12	32	24	4	"###FULL#CORPUS#200K##"	1738348440	1738348470	30	0	x
fintan	ryzen	1	6	12	32	24	6	"###FULL#CORPUS#200K##"	1738348470	1738348497	27	0	x
fintan	ryzen	1	6	12	32	24	12	"###FULL#CORPUS#200K##"	1738348497	1738348524	27	0	x
fintan	ryzen	1	6	12	32	24	16	"###FULL#CORPUS#200K##"	1738348524	1738348552	28	0	x
fintan	ryzen	1	6	12	32	24	32	"###FULL#CORPUS#200K##"	1738348552	1738348579	27	0	x
fintan	ryzen	1	6	12	32	24	1	"###AVG#CORPUS#200tp##"	1738348579	1738348764	185	0	x
fintan	ryzen	1	6	12	32	24	4	"###AVG#CORPUS#200tp##"	1738348764	1738348841	77	0	x
fintan	ryzen	1	6	12	32	24	6	"###AVG#CORPUS#200tp##"	1738348841	1738348903	62	0	x
fintan	ryzen	1	6	12	32	24	12	"###AVG#CORPUS#200tp##"	1738348903	1738348951	48	0	x
fintan	ryzen	1	6	12	32	24	16	"###AVG#CORPUS#200tp##"	1738348951	1738349000	49	0	x
fintan	ryzen	1	6	12	32	24	32	"###AVG#CORPUS#200tp##"	1738349000	1738349049	49	0	x
fintan	ryzen	1	6	12	32	30	1	"###FULL#CORPUS#200K##"	1738349052	1738349140	88	0	x
fintan	ryzen	1	6	12	32	30	4	"###FULL#CORPUS#200K##"	1738349140	1738349176	36	0	x
fintan	ryzen	1	6	12	32	30	6	"###FULL#CORPUS#200K##"	1738349176	1738349210	34	0	x
fintan	ryzen	1	6	12	32	30	12	"###FULL#CORPUS#200K##"	1738349210	1738349243	33	0	x
fintan	ryzen	1	6	12	32	30	16	"###FULL#CORPUS#200K##"	1738349243	1738349280	37	0	x
fintan	ryzen	1	6	12	32	30	32	"###FULL#CORPUS#200K##"	1738349280	1738349313	33	0	x
fintan	ryzen	1	6	12	32	30	1	"###AVG#CORPUS#200tp##"	1738349313	1738349543	230	0	x
fintan	ryzen	1	6	12	32	30	4	"###AVG#CORPUS#200tp##"	1738349543	1738349639	96	0	x
fintan	ryzen	1	6	12	32	30	6	"###AVG#CORPUS#200tp##"	1738349639	1738349715	76	0	x
fintan	ryzen	1	6	12	32	30	12	"###AVG#CORPUS#200tp##"	1738349715	1738349775	60	0	x
fintan	ryzen	1	6	12	32	30	16	"###AVG#CORPUS#200tp##"	1738349775	1738349835	60	0	x
fintan	ryzen	1	6	12	32	30	32	"###AVG#CORPUS#200tp##"	1738349835	1738349897	62	0	x
fintan	ryzen	1	6	12	32	40	1	"###FULL#CORPUS#200K##"	1738349900	1738350017	117	0	x
fintan	ryzen	1	6	12	32	40	4	"###FULL#CORPUS#200K##"	1738350017	1738350064	47	0	x
fintan	ryzen	1	6	12	32	40	6	"###FULL#CORPUS#200K##"	1738350064	1738350106	42	0	x
fintan	ryzen	1	6	12	32	40	12	"###FULL#CORPUS#200K##"	1738350106	1738350149	43	0	x
fintan	ryzen	1	6	12	32	40	16	"###FULL#CORPUS#200K##"	1738350149	1738350193	44	0	x
fintan	ryzen	1	6	12	32	40	32	"###FULL#CORPUS#200K##"	1738350193	1738350236	43	0	x
fintan	ryzen	1	6	12	32	40	1	"###AVG#CORPUS#200tp##"	1738350236	1738350548	312	0	x
fintan	ryzen	1	6	12	32	40	4	"###AVG#CORPUS#200tp##"	1738350548	1738350674	126	0	x
fintan	ryzen	1	6	12	32	40	6	"###AVG#CORPUS#200tp##"	1738350674	1738350778	104	0	x
fintan	ryzen	1	6	12	32	40	12	"###AVG#CORPUS#200tp##"	1738350778	1738350865	87	0	x
fintan	ryzen	1	6	12	32	40	16	"###AVG#CORPUS#200tp##"	1738350865	1738350952	87	0	x
fintan	ryzen	1	6	12	32	40	32	"###AVG#CORPUS#200tp##"	1738350952	1738351041	89	0	x
fintan	ryzen	1	6	12	32	50	1	"###FULL#CORPUS#200K##"	1738351045	1738351199	154	0	x
fintan	ryzen	1	6	12	32	50	4	"###FULL#CORPUS#200K##"	1738351199	1738351260	61	0	x
fintan	ryzen	1	6	12	32	50	6	"###FULL#CORPUS#200K##"	1738351260	1738351319	59	0	x
fintan	ryzen	1	6	12	32	50	12	"###FULL#CORPUS#200K##"	1738351319	1738351377	58	0	x
fintan	ryzen	1	6	12	32	50	16	"###FULL#CORPUS#200K##"	1738351377	1738351434	57	0	x
fintan	ryzen	1	6	12	32	50	32	"###FULL#CORPUS#200K##"	1738351434	1738351491	57	0	x
fintan	ryzen	1	6	12	32	50	1	"###AVG#CORPUS#200tp##"	1738351491	1738351875	384	0	x
fintan	ryzen	1	6	12	32	50	4	"###AVG#CORPUS#200tp##"	1738351875	1738352036	161	0	x
fintan	ryzen	1	6	12	32	50	6	"###AVG#CORPUS#200tp##"	1738352036	1738352165	129	0	x
fintan	ryzen	1	6	12	32	50	12	"###AVG#CORPUS#200tp##"	1738352165	1738352273	108	0	x
fintan	ryzen	1	6	12	32	50	16	"###AVG#CORPUS#200tp##"	1738352273	1738352382	109	0	x
fintan	ryzen	1	6	12	32	50	32	"###AVG#CORPUS#200tp##"	1738352382	1738352492	110	0	x

fintan	aplm2	1	8	4	16	01	1	"###FULL#CORPUS#200K##"	1739121088	1739121094	6	0	x
fintan	aplm2	1	8	4	16	01	4	"###FULL#CORPUS#200K##"	1739121094	1739121099	5	0	x
fintan	aplm2	1	8	4	16	01	16	"###FULL#CORPUS#200K##"	1739121099	1739121105	6	0	x
fintan	aplm2	1	8	4	16	01	32	"###FULL#CORPUS#200K##"	1739121105	1739121110	5	0	x
fintan	aplm2	1	8	4	16	01	48	"###FULL#CORPUS#200K##"	1739121110	1739121115	5	0	x
fintan	aplm2	1	8	4	16	01	96	"###FULL#CORPUS#200K##"	1739121115	1739121120	5	0	x
fintan	aplm2	1	8	4	16	01	64	"###FULL#CORPUS#200K##"	1739121120	1739121125	5	0	x
fintan	aplm2	1	8	4	16	01	128	"###FULL#CORPUS#200K##"	1739121125	1739121131	6	0	x
fintan	aplm2	1	8	4	16	01	1	"###AVG#CORPUS#200tp##"	1739121131	1739121141	10	0	x
fintan	aplm2	1	8	4	16	01	4	"###AVG#CORPUS#200tp##"	1739121141	1739121147	6	0	x
fintan	aplm2	1	8	4	16	01	16	"###AVG#CORPUS#200tp##"	1739121147	1739121155	8	0	x
fintan	aplm2	1	8	4	16	01	32	"###AVG#CORPUS#200tp##"	1739121155	1739121163	8	0	x
fintan	aplm2	1	8	4	16	01	48	"###AVG#CORPUS#200tp##"	1739121163	1739121172	9	0	x
fintan	aplm2	1	8	4	16	01	96	"###AVG#CORPUS#200tp##"	1739121172	1739121182	10	0	x
fintan	aplm2	1	8	4	16	01	64	"###AVG#CORPUS#200tp##"	1739121182	1739121190	8	0	x
fintan	aplm2	1	8	4	16	01	128	"###AVG#CORPUS#200tp##"	1739121190	1739121199	9	0	x
fintan	aplm2	1	8	4	16	02	1	"###FULL#CORPUS#200K##"	1739121199	1739121207	8	0	x
fintan	aplm2	1	8	4	16	02	4	"###FULL#CORPUS#200K##"	1739121207	1739121214	7	0	x
fintan	aplm2	1	8	4	16	02	16	"###FULL#CORPUS#200K##"	1739121214	1739121220	6	0	x
fintan	aplm2	1	8	4	16	02	32	"###FULL#CORPUS#200K##"	1739121220	1739121227	7	0	x
fintan	aplm2	1	8	4	16	02	48	"###FULL#CORPUS#200K##"	1739121227	1739121233	6	0	x
fintan	aplm2	1	8	4	16	02	96	"###FULL#CORPUS#200K##"	1739121233	1739121239	6	0	x
fintan	aplm2	1	8	4	16	02	64	"###FULL#CORPUS#200K##"	1739121239	1739121246	7	0	x
fintan	aplm2	1	8	4	16	02	128	"###FULL#CORPUS#200K##"	1739121246	1739121252	6	0	x
fintan	aplm2	1	8	4	16	02	1	"###AVG#CORPUS#200tp##"	1739121252	1739121271	19	0	x
fintan	aplm2	1	8	4	16	02	4	"###AVG#CORPUS#200tp##"	1739121271	1739121281	10	0	x
fintan	aplm2	1	8	4	16	02	16	"###AVG#CORPUS#200tp##"	1739121281	1739121296	15	0	x
fintan	aplm2	1	8	4	16	02	32	"###AVG#CORPUS#200tp##"	1739121296	1739121311	15	0	x
fintan	aplm2	1	8	4	16	02	48	"###AVG#CORPUS#200tp##"	1739121311	1739121326	15	0	x
fintan	aplm2	1	8	4	16	02	96	"###AVG#CORPUS#200tp##"	1739121326	1739121342	16	0	x
fintan	aplm2	1	8	4	16	02	64	"###AVG#CORPUS#200tp##"	1739121342	1739121358	16	0	x
fintan	aplm2	1	8	4	16	02	128	"###AVG#CORPUS#200tp##"	1739121358	1739121374	16	0	x
fintan	aplm2	1	8	4	16	04	1	"###FULL#CORPUS#200K##"	1739121374	1739121389	15	0	x
fintan	aplm2	1	8	4	16	04	4	"###FULL#CORPUS#200K##"	1739121389	1739121398	9	0	x
fintan	aplm2	1	8	4	16	04	16	"###FULL#CORPUS#200K##"	1739121398	1739121407	9	0	x
fintan	aplm2	1	8	4	16	04	32	"###FULL#CORPUS#200K##"	1739121407	1739121415	8	0	x
fintan	aplm2	1	8	4	16	04	48	"###FULL#CORPUS#200K##"	1739121415	1739121424	9	0	x
fintan	aplm2	1	8	4	16	04	96	"###FULL#CORPUS#200K##"	1739121424	1739121433	9	0	x
fintan	aplm2	1	8	4	16	04	64	"###FULL#CORPUS#200K##"	1739121433	1739121442	9	0	x
fintan	aplm2	1	8	4	16	04	128	"###FULL#CORPUS#200K##"	1739121442	1739121450	8	0	x
fintan	aplm2	1	8	4	16	04	1	"###AVG#CORPUS#200tp##"	1739121450	1739121488	38	0	x
fintan	aplm2	1	8	4	16	04	4	"###AVG#CORPUS#200tp##"	1739121488	1739121506	18	0	x
fintan	aplm2	1	8	4	16	04	16	"###AVG#CORPUS#200tp##"	1739121506	1739121533	27	0	x
fintan	aplm2	1	8	4	16	04	32	"###AVG#CORPUS#200tp##"	1739121533	1739121561	28	0	x
fintan	aplm2	1	8	4	16	04	48	"###AVG#CORPUS#200tp##"	1739121561	1739121589	28	0	x
fintan	aplm2	1	8	4	16	04	96	"###AVG#CORPUS#200tp##"	1739121589	1739121619	30	0	x
fintan	aplm2	1	8	4	16	04	64	"###AVG#CORPUS#200tp##"	1739121619	1739121648	29	0	x
fintan	aplm2	1	8	4	16	04	128	"###AVG#CORPUS#200tp##"	1739121648	1739121678	30	0	x
fintan	aplm2	1	8	4	16	07	1	"###FULL#CORPUS#200K##"	1739121678	1739121702	24	0	x
fintan	aplm2	1	8	4	16	07	4	"###FULL#CORPUS#200K##"	1739121702	1739121715	13	0	x
fintan	aplm2	1	8	4	16	07	16	"###FULL#CORPUS#200K##"	1739121715	1739121727	12	0	x
fintan	aplm2	1	8	4	16	07	32	"###FULL#CORPUS#200K##"	1739121727	1739121740	13	0	x
fintan	aplm2	1	8	4	16	07	48	"###FULL#CORPUS#200K##"	1739121740	1739121753	13	0	x
fintan	aplm2	1	8	4	16	07	96	"###FULL#CORPUS#200K##"	1739121753	1739121766	13	0	x
fintan	aplm2	1	8	4	16	07	64	"###FULL#CORPUS#200K##"	1739121766	1739121778	12	0	x
fintan	aplm2	1	8	4	16	07	128	"###FULL#CORPUS#200K##"	1739121778	1739121791	13	0	x
fintan	aplm2	1	8	4	16	07	1	"###AVG#CORPUS#200tp##"	1739121791	1739121856	65	0	x
fintan	aplm2	1	8	4	16	07	4	"###AVG#CORPUS#200tp##"	1739121856	1739121886	30	0	x
fintan	aplm2	1	8	4	16	07	16	"###AVG#CORPUS#200tp##"	1739121886	1739121932	46	0	x
fintan	aplm2	1	8	4	16	07	32	"###AVG#CORPUS#200tp##"	1739121932	1739121979	47	0	x
fintan	aplm2	1	8	4	16	07	48	"###AVG#CORPUS#200tp##"	1739121979	1739122027	48	0	x
fintan	aplm2	1	8	4	16	07	96	"###AVG#CORPUS#200tp##"	1739122027	1739122077	50	0	x
fintan	aplm2	1	8	4	16	07	64	"###AVG#CORPUS#200tp##"	1739122077	1739122125	48	0	x
fintan	aplm2	1	8	4	16	07	128	"###AVG#CORPUS#200tp##"	1739122125	1739122174	49	0	x
fintan	aplm2	1	8	4	16	08	1	"###FULL#CORPUS#200K##"	1739122175	1739122201	26	0	x
fintan	aplm2	1	8	4	16	08	4	"###FULL#CORPUS#200K##"	1739122201	1739122215	14	0	x
fintan	aplm2	1	8	4	16	08	16	"###FULL#CORPUS#200K##"	1739122215	1739122229	14	0	x
fintan	aplm2	1	8	4	16	08	32	"###FULL#CORPUS#200K##"	1739122229	1739122244	15	0	x
fintan	aplm2	1	8	4	16	08	48	"###FULL#CORPUS#200K##"	1739122244	1739122258	14	0	x
fintan	aplm2	1	8	4	16	08	96	"###FULL#CORPUS#200K##"	1739122258	1739122272	14	0	x
fintan	aplm2	1	8	4	16	08	64	"###FULL#CORPUS#200K##"	1739122272	1739122286	14	0	x
fintan	aplm2	1	8	4	16	08	128	"###FULL#CORPUS#200K##"	1739122286	1739122300	14	0	x
fintan	aplm2	1	8	4	16	08	1	"###AVG#CORPUS#200tp##"	1739122300	1739122374	74	0	x
fintan	aplm2	1	8	4	16	08	4	"###AVG#CORPUS#200tp##"	1739122374	1739122408	34	0	x
fintan	aplm2	1	8	4	16	08	16	"###AVG#CORPUS#200tp##"	1739122408	1739122461	53	0	x
fintan	aplm2	1	8	4	16	08	32	"###AVG#CORPUS#200tp##"	1739122461	1739122514	53	0	x
fintan	aplm2	1	8	4	16	08	48	"###AVG#CORPUS#200tp##"	1739122514	1739122568	54	0	x
fintan	aplm2	1	8	4	16	08	96	"###AVG#CORPUS#200tp##"	1739122568	1739122624	56	0	x
fintan	aplm2	1	8	4	16	08	64	"###AVG#CORPUS#200tp##"	1739122624	1739122679	55	0	x
fintan	aplm2	1	8	4	16	08	128	"###AVG#CORPUS#200tp##"	1739122679	1739122734	55	0	x
fintan	aplm2	1	8	4	16	10	1	"###FULL#CORPUS#200K##"	1739122735	1739122767	32	0	x
fintan	aplm2	1	8	4	16	10	4	"###FULL#CORPUS#200K##"	1739122767	1739122784	17	0	x
fintan	aplm2	1	8	4	16	10	16	"###FULL#CORPUS#200K##"	1739122784	1739122801	17	0	x
fintan	aplm2	1	8	4	16	10	32	"###FULL#CORPUS#200K##"	1739122801	1739122818	17	0	x
fintan	aplm2	1	8	4	16	10	48	"###FULL#CORPUS#200K##"	1739122818	1739122835	17	0	x
fintan	aplm2	1	8	4	16	10	96	"###FULL#CORPUS#200K##"	1739122835	1739122852	17	0	x
fintan	aplm2	1	8	4	16	10	64	"###FULL#CORPUS#200K##"	1739122852	1739122870	18	0	x
fintan	aplm2	1	8	4	16	10	128	"###FULL#CORPUS#200K##"	1739122870	1739122887	17	0	x
fintan	aplm2	1	8	4	16	10	1	"###AVG#CORPUS#200tp##"	1739122887	1739122979	92	0	x
fintan	aplm2	1	8	4	16	10	4	"###AVG#CORPUS#200tp##"	1739122979	1739123021	42	0	x
fintan	aplm2	1	8	4	16	10	16	"###AVG#CORPUS#200tp##"	1739123021	1739123087	66	0	x
fintan	aplm2	1	8	4	16	10	32	"###AVG#CORPUS#200tp##"	1739123087	1739123153	66	0	x
fintan	aplm2	1	8	4	16	10	48	"###AVG#CORPUS#200tp##"	1739123153	1739123220	67	0	x
fintan	aplm2	1	8	4	16	10	96	"###AVG#CORPUS#200tp##"	1739123220	1739123288	68	0	x
fintan	aplm2	1	8	4	16	10	64	"###AVG#CORPUS#200tp##"	1739123288	1739123357	69	0	x
fintan	aplm2	1	8	4	16	10	128	"###AVG#CORPUS#200tp##"	1739123357	1739123424	67	0	x
fintan	aplm2	1	8	4	16	16	1	"###FULL#CORPUS#200K##"	1739123425	1739123476	51	0	x
fintan	aplm2	1	8	4	16	16	4	"###FULL#CORPUS#200K##"	1739123476	1739123501	25	0	x
fintan	aplm2	1	8	4	16	16	16	"###FULL#CORPUS#200K##"	1739123501	1739123527	26	0	x
fintan	aplm2	1	8	4	16	16	32	"###FULL#CORPUS#200K##"	1739123527	1739123552	25	0	x
fintan	aplm2	1	8	4	16	16	48	"###FULL#CORPUS#200K##"	1739123552	1739123578	26	0	x
fintan	aplm2	1	8	4	16	16	96	"###FULL#CORPUS#200K##"	1739123578	1739123604	26	0	x
fintan	aplm2	1	8	4	16	16	64	"###FULL#CORPUS#200K##"	1739123604	1739123630	26	0	x
fintan	aplm2	1	8	4	16	16	128	"###FULL#CORPUS#200K##"	1739123630	1739123656	26	0	x
fintan	aplm2	1	8	4	16	16	1	"###AVG#CORPUS#200tp##"	1739123656	1739123802	146	0	x
fintan	aplm2	1	8	4	16	16	4	"###AVG#CORPUS#200tp##"	1739123802	1739123868	66	0	x
fintan	aplm2	1	8	4	16	16	16	"###AVG#CORPUS#200tp##"	1739123868	1739123972	104	0	x
fintan	aplm2	1	8	4	16	16	32	"###AVG#CORPUS#200tp##"	1739123972	1739124077	105	0	x
fintan	aplm2	1	8	4	16	16	48	"###AVG#CORPUS#200tp##"	1739124077	1739124183	106	0	x
fintan	aplm2	1	8	4	16	16	96	"###AVG#CORPUS#200tp##"	1739124183	1739124290	107	0	x
fintan	aplm2	1	8	4	16	16	64	"###AVG#CORPUS#200tp##"	1739124290	1739124397	107	0	x
fintan	aplm2	1	8	4	16	16	128	"###AVG#CORPUS#200tp##"	1739124397	1739124507	110	0	x
fintan	aplm2	1	8	4	16	20	1	"###FULL#CORPUS#200K##"	1739124508	1739124571	63	0	x
fintan	aplm2	1	8	4	16	20	4	"###FULL#CORPUS#200K##"	1739124571	1739124603	32	0	x
fintan	aplm2	1	8	4	16	20	16	"###FULL#CORPUS#200K##"	1739124603	1739124634	31	0	x
fintan	aplm2	1	8	4	16	20	32	"###FULL#CORPUS#200K##"	1739124634	1739124666	32	0	x
fintan	aplm2	1	8	4	16	20	48	"###FULL#CORPUS#200K##"	1739124666	1739124698	32	0	x
fintan	aplm2	1	8	4	16	20	96	"###FULL#CORPUS#200K##"	1739124698	1739124729	31	0	x
fintan	aplm2	1	8	4	16	20	64	"###FULL#CORPUS#200K##"	1739124729	1739124761	32	0	x
fintan	aplm2	1	8	4	16	20	128	"###FULL#CORPUS#200K##"	1739124761	1739124793	32	0	x
fintan	aplm2	1	8	4	16	20	1	"###AVG#CORPUS#200tp##"	1739124793	1739124976	183	0	x
fintan	aplm2	1	8	4	16	20	4	"###AVG#CORPUS#200tp##"	1739124976	1739125059	83	0	x
fintan	aplm2	1	8	4	16	20	16	"###AVG#CORPUS#200tp##"	1739125059	1739125189	130	0	x
fintan	aplm2	1	8	4	16	20	32	"###AVG#CORPUS#200tp##"	1739125189	1739125319	130	0	x
fintan	aplm2	1	8	4	16	20	48	"###AVG#CORPUS#200tp##"	1739125319	1739125450	131	0	x
fintan	aplm2	1	8	4	16	20	96	"###AVG#CORPUS#200tp##"	1739125450	1739125585	135	0	x
fintan	aplm2	1	8	4	16	20	64	"###AVG#CORPUS#200tp##"	1739125585	1739125718	133	0	x
fintan	aplm2	1	8	4	16	20	128	"###AVG#CORPUS#200tp##"	1739125718	1739125851	133	0	x
fintan	aplm2	1	8	4	16	24	1	"###FULL#CORPUS#200K##"	1739125852	1739125926	74	0	x
fintan	aplm2	1	8	4	16	24	4	"###FULL#CORPUS#200K##"	1739125926	1739125963	37	0	x
fintan	aplm2	1	8	4	16	24	16	"###FULL#CORPUS#200K##"	1739125963	1739126000	37	0	x
fintan	aplm2	1	8	4	16	24	32	"###FULL#CORPUS#200K##"	1739126000	1739126037	37	0	x
fintan	aplm2	1	8	4	16	24	48	"###FULL#CORPUS#200K##"	1739126037	1739126076	39	0	x
fintan	aplm2	1	8	4	16	24	96	"###FULL#CORPUS#200K##"	1739126076	1739126114	38	0	x
fintan	aplm2	1	8	4	16	24	64	"###FULL#CORPUS#200K##"	1739126114	1739126152	38	0	x
fintan	aplm2	1	8	4	16	24	128	"###FULL#CORPUS#200K##"	1739126152	1739126189	37	0	x
fintan	aplm2	1	8	4	16	24	1	"###AVG#CORPUS#200tp##"	1739126189	1739126410	221	0	x
fintan	aplm2	1	8	4	16	24	4	"###AVG#CORPUS#200tp##"	1739126410	1739126509	99	0	x
fintan	aplm2	1	8	4	16	24	16	"###AVG#CORPUS#200tp##"	1739126509	1739126664	155	0	x
fintan	aplm2	1	8	4	16	24	32	"###AVG#CORPUS#200tp##"	1739126664	1739126820	156	0	x
fintan	aplm2	1	8	4	16	24	48	"###AVG#CORPUS#200tp##"	1739126820	1739126978	158	0	x
fintan	aplm2	1	8	4	16	24	96	"###AVG#CORPUS#200tp##"	1739126978	1739127138	160	0	x
fintan	aplm2	1	8	4	16	24	64	"###AVG#CORPUS#200tp##"	1739127138	1739127296	158	0	x
fintan	aplm2	1	8	4	16	24	128	"###AVG#CORPUS#200tp##"	1739127296	1739127459	163	0	x
fintan	aplm2	1	8	4	16	30	1	"###FULL#CORPUS#200K##"	1739127461	1739127553	92	0	x
fintan	aplm2	1	8	4	16	30	4	"###FULL#CORPUS#200K##"	1739127553	1739127598	45	0	x
fintan	aplm2	1	8	4	16	30	16	"###FULL#CORPUS#200K##"	1739127598	1739127645	47	0	x
fintan	aplm2	1	8	4	16	30	32	"###FULL#CORPUS#200K##"	1739127645	1739127692	47	0	x
fintan	aplm2	1	8	4	16	30	48	"###FULL#CORPUS#200K##"	1739127692	1739127739	47	0	x
fintan	aplm2	1	8	4	16	30	96	"###FULL#CORPUS#200K##"	1739127739	1739127786	47	0	x
fintan	aplm2	1	8	4	16	30	64	"###FULL#CORPUS#200K##"	1739127786	1739127832	46	0	x
fintan	aplm2	1	8	4	16	30	128	"###FULL#CORPUS#200K##"	1739127832	1739127877	45	0	x
fintan	aplm2	1	8	4	16	30	1	"###AVG#CORPUS#200tp##"	1739127877	1739128149	272	0	x
fintan	aplm2	1	8	4	16	30	4	"###AVG#CORPUS#200tp##"	1739128149	1739128272	123	0	x
fintan	aplm2	1	8	4	16	30	16	"###AVG#CORPUS#200tp##"	1739128272	1739128466	194	0	x
fintan	aplm2	1	8	4	16	30	32	"###AVG#CORPUS#200tp##"	1739128466	1739128661	195	0	x
fintan	aplm2	1	8	4	16	30	48	"###AVG#CORPUS#200tp##"	1739128661	1739128857	196	0	x
fintan	aplm2	1	8	4	16	30	96	"###AVG#CORPUS#200tp##"	1739128857	1739129058	201	0	x
fintan	aplm2	1	8	4	16	30	64	"###AVG#CORPUS#200tp##"	1739129058	1739129256	198	0	x
fintan	aplm2	1	8	4	16	30	128	"###AVG#CORPUS#200tp##"	1739129256	1739129460	204	0	x
fintan	aplm2	1	8	4	16	40	1	"###FULL#CORPUS#200K##"	1739129462	1739129587	125	0	x
fintan	aplm2	1	8	4	16	40	4	"###FULL#CORPUS#200K##"	1739129587	1739129650	63	0	x
fintan	aplm2	1	8	4	16	40	16	"###FULL#CORPUS#200K##"	1739129650	1739129714	64	0	x
fintan	aplm2	1	8	4	16	40	32	"###FULL#CORPUS#200K##"	1739129714	1739129782	68	0	x
fintan	aplm2	1	8	4	16	40	48	"###FULL#CORPUS#200K##"	1739129782	1739129849	67	0	x
fintan	aplm2	1	8	4	16	40	96	"###FULL#CORPUS#200K##"	1739129849	1739129915	66	0	x
fintan	aplm2	1	8	4	16	40	64	"###FULL#CORPUS#200K##"	1739129915	1739129981	66	0	x
fintan	aplm2	1	8	4	16	40	128	"###FULL#CORPUS#200K##"	1739129981	1739130046	65	0	x
fintan	aplm2	1	8	4	16	40	1	"###AVG#CORPUS#200tp##"	1739130046	1739130408	362	0	x
fintan	aplm2	1	8	4	16	40	4	"###AVG#CORPUS#200tp##"	1739130408	1739130573	165	0	x
fintan	aplm2	1	8	4	16	40	16	"###AVG#CORPUS#200tp##"	1739130573	1739130830	257	0	x
fintan	aplm2	1	8	4	16	40	32	"###AVG#CORPUS#200tp##"	1739130830	1739131089	259	0	x
fintan	aplm2	1	8	4	16	40	48	"###AVG#CORPUS#200tp##"	1739131089	1739131351	262	0	x
fintan	aplm2	1	8	4	16	40	96	"###AVG#CORPUS#200tp##"	1739131351	1739131618	267	0	x
fintan	aplm2	1	8	4	16	40	64	"###AVG#CORPUS#200tp##"	1739131618	1739131882	264	0	x
fintan	aplm2	1	8	4	16	40	128	"###AVG#CORPUS#200tp##"	1739131882	1739132157	275	0	x
fintan	aplm2	1	8	4	16	50	1	"###FULL#CORPUS#200K##"	1739132160	1739132318	158	0	x
fintan	aplm2	1	8	4	16	50	4	"###FULL#CORPUS#200K##"	1739132318	1739132395	77	0	x
fintan	aplm2	1	8	4	16	50	16	"###FULL#CORPUS#200K##"	1739132395	1739132473	78	0	x
fintan	aplm2	1	8	4	16	50	32	"###FULL#CORPUS#200K##"	1739132473	1739132560	87	0	x
fintan	aplm2	1	8	4	16	50	48	"###FULL#CORPUS#200K##"	1739132560	1739132640	80	0	x
fintan	aplm2	1	8	4	16	50	96	"###FULL#CORPUS#200K##"	1739132640	1739132724	84	0	x
fintan	aplm2	1	8	4	16	50	64	"###FULL#CORPUS#200K##"	1739132724	1739132807	83	0	x
fintan	aplm2	1	8	4	16	50	128	"###FULL#CORPUS#200K##"	1739132807	1739132887	80	0	x
fintan	aplm2	1	8	4	16	50	1	"###AVG#CORPUS#200tp##"	1739132887	1739133336	449	0	x
fintan	aplm2	1	8	4	16	50	4	"###AVG#CORPUS#200tp##"	1739133336	1739133545	209	0	x
fintan	aplm2	1	8	4	16	50	16	"###AVG#CORPUS#200tp##"	1739133545	1739133868	323	0	x
fintan	aplm2	1	8	4	16	50	32	"###AVG#CORPUS#200tp##"	1739133868	1739134192	324	0	x
fintan	aplm2	1	8	4	16	50	48	"###AVG#CORPUS#200tp##"	1739134192	1739134520	328	0	x
fintan	aplm2	1	8	4	16	50	96	"###AVG#CORPUS#200tp##"	1739134520	1739134857	337	0	x
fintan	aplm2	1	8	4	16	50	64	"###AVG#CORPUS#200tp##"	1739134857	1739135190	333	0	x
fintan	aplm2	1	8	4	16	50	128	"###AVG#CORPUS#200tp##"	1739135190	1739135532	342	0	x

fintan	i7q-vm	1	4	4	16	01	1	"###FULL#CORPUS#200K##"	1739458857	1739458874	17	0	x
fintan	i7q-vm	1	4	4	16	01	4	"###FULL#CORPUS#200K##"	1739458874	1739458887	13	2.5	x
fintan	i7q-vm	1	4	4	16	01	16	"###FULL#CORPUS#200K##"	1739458887	1739458898	11	0	x
fintan	i7q-vm	1	4	4	16	01	32	"###FULL#CORPUS#200K##"	1739458898	1739458910	12	0	x
fintan	i7q-vm	1	4	4	16	01	48	"###FULL#CORPUS#200K##"	1739458910	1739458924	14	0	x
fintan	i7q-vm	1	4	4	16	01	96	"###FULL#CORPUS#200K##"	1739458924	1739458936	12	0	x
fintan	i7q-vm	1	4	4	16	01	64	"###FULL#CORPUS#200K##"	1739458936	1739458947	11	0	x
fintan	i7q-vm	1	4	4	16	01	128	"###FULL#CORPUS#200K##"	1739458947	1739458956	9	0	x
fintan	i7q-vm	1	4	4	16	01	1	"###AVG#CORPUS#200tp##"	1739458956	1739458975	19	0	x
fintan	i7q-vm	1	4	4	16	01	4	"###AVG#CORPUS#200tp##"	1739458975	1739458986	11	0.9	x
fintan	i7q-vm	1	4	4	16	01	16	"###AVG#CORPUS#200tp##"	1739458986	1739459000	14	0	x
fintan	i7q-vm	1	4	4	16	01	32	"###AVG#CORPUS#200tp##"	1739459000	1739459014	14	0	x
fintan	i7q-vm	1	4	4	16	01	48	"###AVG#CORPUS#200tp##"	1739459014	1739459030	16	0	x
fintan	i7q-vm	1	4	4	16	01	96	"###AVG#CORPUS#200tp##"	1739459030	1739459045	15	0	x
fintan	i7q-vm	1	4	4	16	01	64	"###AVG#CORPUS#200tp##"	1739459045	1739459060	15	0	x
fintan	i7q-vm	1	4	4	16	01	128	"###AVG#CORPUS#200tp##"	1739459060	1739459076	16	0	x
fintan	i7q-vm	1	4	4	16	02	1	"###FULL#CORPUS#200K##"	1739459077	1739459093	16	0	x
fintan	i7q-vm	1	4	4	16	02	4	"###FULL#CORPUS#200K##"	1739459093	1739459105	12	2.7	x
fintan	i7q-vm	1	4	4	16	02	16	"###FULL#CORPUS#200K##"	1739459105	1739459117	12	0	x
fintan	i7q-vm	1	4	4	16	02	32	"###FULL#CORPUS#200K##"	1739459117	1739459130	13	0	x
fintan	i7q-vm	1	4	4	16	02	48	"###FULL#CORPUS#200K##"	1739459130	1739459142	12	0	x
fintan	i7q-vm	1	4	4	16	02	96	"###FULL#CORPUS#200K##"	1739459142	1739459154	12	0	x
fintan	i7q-vm	1	4	4	16	02	64	"###FULL#CORPUS#200K##"	1739459154	1739459167	13	0	x
fintan	i7q-vm	1	4	4	16	02	128	"###FULL#CORPUS#200K##"	1739459167	1739459179	12	0	x
fintan	i7q-vm	1	4	4	16	02	1	"###AVG#CORPUS#200tp##"	1739459179	1739459215	36	0	x
fintan	i7q-vm	1	4	4	16	02	4	"###AVG#CORPUS#200tp##"	1739459215	1739459234	19	1.0	x
fintan	i7q-vm	1	4	4	16	02	16	"###AVG#CORPUS#200tp##"	1739459234	1739459256	22	0	x
fintan	i7q-vm	1	4	4	16	02	32	"###AVG#CORPUS#200tp##"	1739459256	1739459281	25	0	x
fintan	i7q-vm	1	4	4	16	02	48	"###AVG#CORPUS#200tp##"	1739459281	1739459306	25	0	x
fintan	i7q-vm	1	4	4	16	02	96	"###AVG#CORPUS#200tp##"	1739459306	1739459331	25	0	x
fintan	i7q-vm	1	4	4	16	02	64	"###AVG#CORPUS#200tp##"	1739459331	1739459357	26	0	x
fintan	i7q-vm	1	4	4	16	02	128	"###AVG#CORPUS#200tp##"	1739459357	1739459384	27	0	x
fintan	i7q-vm	1	4	4	16	04	1	"###FULL#CORPUS#200K##"	1739459384	1739459410	26	0	x
fintan	i7q-vm	1	4	4	16	04	4	"###FULL#CORPUS#200K##"	1739459410	1739459427	17	3.8	x
fintan	i7q-vm	1	4	4	16	04	16	"###FULL#CORPUS#200K##"	1739459427	1739459448	21	0	x
fintan	i7q-vm	1	4	4	16	04	32	"###FULL#CORPUS#200K##"	1739459448	1739459467	19	0	x
fintan	i7q-vm	1	4	4	16	04	48	"###FULL#CORPUS#200K##"	1739459467	1739459490	23	0	x
fintan	i7q-vm	1	4	4	16	04	96	"###FULL#CORPUS#200K##"	1739459490	1739459512	22	0	x
fintan	i7q-vm	1	4	4	16	04	64	"###FULL#CORPUS#200K##"	1739459512	1739459531	19	0	x
fintan	i7q-vm	1	4	4	16	04	128	"###FULL#CORPUS#200K##"	1739459531	1739459550	19	0	x
fintan	i7q-vm	1	4	4	16	04	1	"###AVG#CORPUS#200tp##"	1739459550	1739459617	67	0	x
fintan	i7q-vm	1	4	4	16	04	4	"###AVG#CORPUS#200tp##"	1739459617	1739459656	39	1.0	x
fintan	i7q-vm	1	4	4	16	04	16	"###AVG#CORPUS#200tp##"	1739459656	1739459698	42	0	x
fintan	i7q-vm	1	4	4	16	04	32	"###AVG#CORPUS#200tp##"	1739459698	1739459742	44	0	x
fintan	i7q-vm	1	4	4	16	04	48	"###AVG#CORPUS#200tp##"	1739459742	1739459788	46	0	x
fintan	i7q-vm	1	4	4	16	04	96	"###AVG#CORPUS#200tp##"	1739459788	1739459834	46	0	x
fintan	i7q-vm	1	4	4	16	04	64	"###AVG#CORPUS#200tp##"	1739459834	1739459879	45	0	x
fintan	i7q-vm	1	4	4	16	04	128	"###AVG#CORPUS#200tp##"	1739459879	1739459927	48	0	x
fintan	i7q-vm	1	4	4	16	07	1	"###FULL#CORPUS#200K##"	1739459927	1739459968	41	0	x
fintan	i7q-vm	1	4	4	16	07	4	"###FULL#CORPUS#200K##"	1739459968	1739459993	25	4.0	x
fintan	i7q-vm	1	4	4	16	07	16	"###FULL#CORPUS#200K##"	1739459993	1739460021	28	0	x
fintan	i7q-vm	1	4	4	16	07	32	"###FULL#CORPUS#200K##"	1739460021	1739460049	28	0	x
fintan	i7q-vm	1	4	4	16	07	48	"###FULL#CORPUS#200K##"	1739460049	1739460077	28	0	x
fintan	i7q-vm	1	4	4	16	07	96	"###FULL#CORPUS#200K##"	1739460077	1739460104	27	0	x
fintan	i7q-vm	1	4	4	16	07	64	"###FULL#CORPUS#200K##"	1739460104	1739460132	28	0	x
fintan	i7q-vm	1	4	4	16	07	128	"###FULL#CORPUS#200K##"	1739460132	1739460160	28	0	x
fintan	i7q-vm	1	4	4	16	07	1	"###AVG#CORPUS#200tp##"	1739460160	1739460265	105	0	x
fintan	i7q-vm	1	4	4	16	07	4	"###AVG#CORPUS#200tp##"	1739460265	1739460322	57	1.0	x
fintan	i7q-vm	1	4	4	16	07	16	"###AVG#CORPUS#200tp##"	1739460322	1739460385	63	0	x
fintan	i7q-vm	1	4	4	16	07	32	"###AVG#CORPUS#200tp##"	1739460385	1739460455	70	0	x
fintan	i7q-vm	1	4	4	16	07	48	"###AVG#CORPUS#200tp##"	1739460455	1739460528	73	0	x
fintan	i7q-vm	1	4	4	16	07	96	"###AVG#CORPUS#200tp##"	1739460528	1739460602	74	0	x
fintan	i7q-vm	1	4	4	16	07	64	"###AVG#CORPUS#200tp##"	1739460602	1739460675	73	0	x
fintan	i7q-vm	1	4	4	16	07	128	"###AVG#CORPUS#200tp##"	1739460675	1739460749	74	0	x
fintan	i7q-vm	1	4	4	16	08	1	"###FULL#CORPUS#200K##"	1739460750	1739460796	46	0	x
fintan	i7q-vm	1	4	4	16	08	4	"###FULL#CORPUS#200K##"	1739460796	1739460826	30	4.1	x
fintan	i7q-vm	1	4	4	16	08	16	"###FULL#CORPUS#200K##"	1739460826	1739460857	31	0	x
fintan	i7q-vm	1	4	4	16	08	32	"###FULL#CORPUS#200K##"	1739460857	1739460888	31	0	x
fintan	i7q-vm	1	4	4	16	08	48	"###FULL#CORPUS#200K##"	1739460888	1739460919	31	0	x
fintan	i7q-vm	1	4	4	16	08	96	"###FULL#CORPUS#200K##"	1739460919	1739460951	32	0	x
fintan	i7q-vm	1	4	4	16	08	64	"###FULL#CORPUS#200K##"	1739460951	1739460983	32	0	x
fintan	i7q-vm	1	4	4	16	08	128	"###FULL#CORPUS#200K##"	1739460983	1739461014	31	0	x
fintan	i7q-vm	1	4	4	16	08	1	"###AVG#CORPUS#200tp##"	1739461014	1739461135	121	0	x
fintan	i7q-vm	1	4	4	16	08	4	"###AVG#CORPUS#200tp##"	1739461135	1739461206	71	1.0	x
fintan	i7q-vm	1	4	4	16	08	16	"###AVG#CORPUS#200tp##"	1739461206	1739461279	73	0	x
fintan	i7q-vm	1	4	4	16	08	32	"###AVG#CORPUS#200tp##"	1739461279	1739461359	80	0	x
fintan	i7q-vm	1	4	4	16	08	48	"###AVG#CORPUS#200tp##"	1739461359	1739461440	81	0	x
fintan	i7q-vm	1	4	4	16	08	96	"###AVG#CORPUS#200tp##"	1739461440	1739461521	81	0	x
fintan	i7q-vm	1	4	4	16	08	64	"###AVG#CORPUS#200tp##"	1739461521	1739461604	83	0	x
fintan	i7q-vm	1	4	4	16	08	128	"###AVG#CORPUS#200tp##"	1739461604	1739461690	86	0	x
fintan	i7q-vm	1	4	4	16	10	1	"###FULL#CORPUS#200K##"	1739461691	1739461746	55	0	x
fintan	i7q-vm	1	4	4	16	10	4	"###FULL#CORPUS#200K##"	1739461746	1739461781	35	4.2	x
fintan	i7q-vm	1	4	4	16	10	16	"###FULL#CORPUS#200K##"	1739461781	1739461819	38	0	x
fintan	i7q-vm	1	4	4	16	10	32	"###FULL#CORPUS#200K##"	1739461819	1739461857	38	0	x
fintan	i7q-vm	1	4	4	16	10	48	"###FULL#CORPUS#200K##"	1739461857	1739461895	38	0	x
fintan	i7q-vm	1	4	4	16	10	96	"###FULL#CORPUS#200K##"	1739461895	1739461940	45	0	x
fintan	i7q-vm	1	4	4	16	10	64	"###FULL#CORPUS#200K##"	1739461940	1739461978	38	0	x
fintan	i7q-vm	1	4	4	16	10	128	"###FULL#CORPUS#200K##"	1739461978	1739462016	38	0	x
fintan	i7q-vm	1	4	4	16	10	1	"###AVG#CORPUS#200tp##"	1739462016	1739462164	148	0	x
fintan	i7q-vm	1	4	4	16	10	4	"###AVG#CORPUS#200tp##"	1739462164	1739462242	78	1.0	x
fintan	i7q-vm	1	4	4	16	10	16	"###AVG#CORPUS#200tp##"	1739462242	1739462344	102	0	x
fintan	i7q-vm	1	4	4	16	10	32	"###AVG#CORPUS#200tp##"	1739462344	1739462446	102	0	x
fintan	i7q-vm	1	4	4	16	10	48	"###AVG#CORPUS#200tp##"	1739462446	1739462549	103	0	x
fintan	i7q-vm	1	4	4	16	10	96	"###AVG#CORPUS#200tp##"	1739462549	1739462649	100	0	x
fintan	i7q-vm	1	4	4	16	10	64	"###AVG#CORPUS#200tp##"	1739462649	1739462754	105	0	x
fintan	i7q-vm	1	4	4	16	10	128	"###AVG#CORPUS#200tp##"	1739462754	1739462861	107	0	x
fintan	i7q-vm	1	4	4	16	16	1	"###FULL#CORPUS#200K##"	1739462863	1739462965	102	0	x
fintan	i7q-vm	1	4	4	16	16	4	"###FULL#CORPUS#200K##"	1739462965	1739463026	61	4.3	x
fintan	i7q-vm	1	4	4	16	16	16	"###FULL#CORPUS#200K##"	1739463026	1739463094	68	0	x
fintan	i7q-vm	1	4	4	16	16	32	"###FULL#CORPUS#200K##"	1739463094	1739463155	61	0	x
fintan	i7q-vm	1	4	4	16	16	48	"###FULL#CORPUS#200K##"	1739463155	1739463218	63	0	x
fintan	i7q-vm	1	4	4	16	16	96	"###FULL#CORPUS#200K##"	1739463218	1739463283	65	0	x
fintan	i7q-vm	1	4	4	16	16	64	"###FULL#CORPUS#200K##"	1739463283	1739463347	64	0	x
fintan	i7q-vm	1	4	4	16	16	128	"###FULL#CORPUS#200K##"	1739463347	1739463409	62	0	x
fintan	i7q-vm	1	4	4	16	16	1	"###AVG#CORPUS#200tp##"	1739463409	1739463656	247	0	x
fintan	i7q-vm	1	4	4	16	16	4	"###AVG#CORPUS#200tp##"	1739463656	1739463804	148	1.0	x
fintan	i7q-vm	1	4	4	16	16	16	"###AVG#CORPUS#200tp##"	1739463804	1739463942	138	0	x
fintan	i7q-vm	1	4	4	16	16	32	"###AVG#CORPUS#200tp##"	1739463942	1739464094	152	0	x
fintan	i7q-vm	1	4	4	16	16	48	"###AVG#CORPUS#200tp##"	1739464094	1739464246	152	0	x
fintan	i7q-vm	1	4	4	16	16	96	"###AVG#CORPUS#200tp##"	1739464246	1739464405	159	0	x
fintan	i7q-vm	1	4	4	16	16	64	"###AVG#CORPUS#200tp##"	1739464405	1739464567	162	0	x
fintan	i7q-vm	1	4	4	16	16	128	"###AVG#CORPUS#200tp##"	1739464567	1739464727	160	0	x
fintan	i7q-vm	1	4	4	16	20	1	"###FULL#CORPUS#200K##"	1739464730	1739464840	110	0	x
fintan	i7q-vm	1	4	4	16	20	4	"###FULL#CORPUS#200K##"	1739464840	1739464906	66	4.3	x
fintan	i7q-vm	1	4	4	16	20	16	"###FULL#CORPUS#200K##"	1739464906	1739464982	76	0	x
fintan	i7q-vm	1	4	4	16	20	32	"###FULL#CORPUS#200K##"	1739464982	1739465056	74	0	x
fintan	i7q-vm	1	4	4	16	20	48	"###FULL#CORPUS#200K##"	1739465056	1739465130	74	0	x
fintan	i7q-vm	1	4	4	16	20	96	"###FULL#CORPUS#200K##"	1739465130	1739465204	74	0	x
fintan	i7q-vm	1	4	4	16	20	64	"###FULL#CORPUS#200K##"	1739465204	1739465278	74	0	x
fintan	i7q-vm	1	4	4	16	20	128	"###FULL#CORPUS#200K##"	1739465278	1739465351	73	0	x
fintan	i7q-vm	1	4	4	16	20	1	"###AVG#CORPUS#200tp##"	1739465351	1739465636	285	0	x
fintan	i7q-vm	1	4	4	16	20	4	"###AVG#CORPUS#200tp##"	1739465636	1739465793	157	1.0	x
fintan	i7q-vm	1	4	4	16	20	16	"###AVG#CORPUS#200tp##"	1739465793	1739465963	170	0	x
fintan	i7q-vm	1	4	4	16	20	32	"###AVG#CORPUS#200tp##"	1739465963	1739466158	195	0	x
fintan	i7q-vm	1	4	4	16	20	48	"###AVG#CORPUS#200tp##"	1739466158	1739466351	193	0	x
fintan	i7q-vm	1	4	4	16	20	96	"###AVG#CORPUS#200tp##"	1739466351	1739466549	198	0	x
fintan	i7q-vm	1	4	4	16	20	64	"###AVG#CORPUS#200tp##"	1739466549	1739466738	189	0	x
fintan	i7q-vm	1	4	4	16	20	128	"###AVG#CORPUS#200tp##"	1739466738	1739466934	196	0	x
fintan	i7q-vm	1	4	4	16	24	1	"###FULL#CORPUS#200K##"	1739466937	1739467068	131	0	x
fintan	i7q-vm	1	4	4	16	24	4	"###FULL#CORPUS#200K##"	1739467068	1739467146	78	4.3	x
fintan	i7q-vm	1	4	4	16	24	16	"###FULL#CORPUS#200K##"	1739467146	1739467234	88	0	x
fintan	i7q-vm	1	4	4	16	24	32	"###FULL#CORPUS#200K##"	1739467234	1739467322	88	0	x
fintan	i7q-vm	1	4	4	16	24	48	"###FULL#CORPUS#200K##"	1739467322	1739467408	86	0	x
fintan	i7q-vm	1	4	4	16	24	96	"###FULL#CORPUS#200K##"	1739467408	1739467495	87	0	x
fintan	i7q-vm	1	4	4	16	24	64	"###FULL#CORPUS#200K##"	1739467495	1739467583	88	0	x
fintan	i7q-vm	1	4	4	16	24	128	"###FULL#CORPUS#200K##"	1739467583	1739467670	87	0	x
fintan	i7q-vm	1	4	4	16	24	1	"###AVG#CORPUS#200tp##"	1739467670	1739468010	340	0	x
fintan	i7q-vm	1	4	4	16	24	4	"###AVG#CORPUS#200tp##"	1739468010	1739468196	186	1.0	x
fintan	i7q-vm	1	4	4	16	24	16	"###AVG#CORPUS#200tp##"	1739468196	1739468397	201	0	x
fintan	i7q-vm	1	4	4	16	24	32	"###AVG#CORPUS#200tp##"	1739468397	1739468616	219	0	x
fintan	i7q-vm	1	4	4	16	24	48	"###AVG#CORPUS#200tp##"	1739468616	1739468838	222	0	x
fintan	i7q-vm	1	4	4	16	24	96	"###AVG#CORPUS#200tp##"	1739468838	1739469067	229	0	x
fintan	i7q-vm	1	4	4	16	24	64	"###AVG#CORPUS#200tp##"	1739469067	1739469295	228	0	x
fintan	i7q-vm	1	4	4	16	24	128	"###AVG#CORPUS#200tp##"	1739469295	1739469531	236	0	x
fintan	i7q-vm	1	4	4	16	30	1	"###FULL#CORPUS#200K##"	1739469535	1739469697	162	0	x
fintan	i7q-vm	1	4	4	16	30	4	"###FULL#CORPUS#200K##"	1739469697	1739469795	98	4.3	x
fintan	i7q-vm	1	4	4	16	30	16	"###FULL#CORPUS#200K##"	1739469795	1739469912	117	0	x
fintan	i7q-vm	1	4	4	16	30	32	"###FULL#CORPUS#200K##"	1739469912	1739470023	111	0	x
fintan	i7q-vm	1	4	4	16	30	48	"###FULL#CORPUS#200K##"	1739470023	1739470130	107	0	x
fintan	i7q-vm	1	4	4	16	30	96	"###FULL#CORPUS#200K##"	1739470130	1739470237	107	0	x
fintan	i7q-vm	1	4	4	16	30	64	"###FULL#CORPUS#200K##"	1739470237	1739470346	109	0	x
fintan	i7q-vm	1	4	4	16	30	128	"###FULL#CORPUS#200K##"	1739470346	1739470455	109	0	x
fintan	i7q-vm	1	4	4	16	30	1	"###AVG#CORPUS#200tp##"	1739470455	1739470900	445	0	x
fintan	i7q-vm	1	4	4	16	30	4	"###AVG#CORPUS#200tp##"	1739470900	1739471132	232	1.0	x
fintan	i7q-vm	1	4	4	16	30	16	"###AVG#CORPUS#200tp##"	1739471132	1739471374	242	0	x
fintan	i7q-vm	1	4	4	16	30	32	"###AVG#CORPUS#200tp##"	1739471374	1739471646	272	0	x
fintan	i7q-vm	1	4	4	16	30	48	"###AVG#CORPUS#200tp##"	1739471646	1739471933	287	0	x
fintan	i7q-vm	1	4	4	16	30	96	"###AVG#CORPUS#200tp##"	1739471933	1739472221	288	0	x
fintan	i7q-vm	1	4	4	16	30	64	"###AVG#CORPUS#200tp##"	1739472221	1739472502	281	0	x
fintan	i7q-vm	1	4	4	16	30	128	"###AVG#CORPUS#200tp##"	1739472502	1739472798	296	0	x
fintan	i7q-vm	1	4	4	16	40	1	"###FULL#CORPUS#200K##"	1739472803	1739473023	220	0	x
fintan	i7q-vm	1	4	4	16	40	4	"###FULL#CORPUS#200K##"	1739473023	1739473154	131	4.3	x
fintan	i7q-vm	1	4	4	16	40	16	"###FULL#CORPUS#200K##"	1739473154	1739473300	146	0	x
fintan	i7q-vm	1	4	4	16	40	32	"###FULL#CORPUS#200K##"	1739473300	1739473447	147	0	x
fintan	i7q-vm	1	4	4	16	40	48	"###FULL#CORPUS#200K##"	1739473447	1739473593	146	0	x
fintan	i7q-vm	1	4	4	16	40	96	"###FULL#CORPUS#200K##"	1739473593	1739473735	142	0	x
fintan	i7q-vm	1	4	4	16	40	64	"###FULL#CORPUS#200K##"	1739473735	1739473879	144	0	x
fintan	i7q-vm	1	4	4	16	40	128	"###FULL#CORPUS#200K##"	1739473879	1739474023	144	0	x
fintan	i7q-vm	1	4	4	16	40	1	"###AVG#CORPUS#200tp##"	1739474023	1739474592	569	0	x
fintan	i7q-vm	1	4	4	16	40	4	"###AVG#CORPUS#200tp##"	1739474592	1739474905	313	1.0	x
fintan	i7q-vm	1	4	4	16	40	16	"###AVG#CORPUS#200tp##"	1739474905	1739475236	331	0	x
fintan	i7q-vm	1	4	4	16	40	32	"###AVG#CORPUS#200tp##"	1739475236	1739475605	369	0	x
fintan	i7q-vm	1	4	4	16	40	48	"###AVG#CORPUS#200tp##"	1739475605	1739475975	370	0	x
fintan	i7q-vm	1	4	4	16	40	96	"###AVG#CORPUS#200tp##"	1739475975	1739476351	376	0	x
fintan	i7q-vm	1	4	4	16	40	64	"###AVG#CORPUS#200tp##"	1739476351	1739476727	376	0	x
fintan	i7q-vm	1	4	4	16	40	128	"###AVG#CORPUS#200tp##"	1739476727	1739477111	384	0	x
fintan	i7q-vm	1	4	4	16	50	1	"###FULL#CORPUS#200K##"	1739477116	1739477393	277	0	x
fintan	i7q-vm	1	4	4	16	50	4	"###FULL#CORPUS#200K##"	1739477393	1739477573	180	4.3	x
fintan	i7q-vm	1	4	4	16	50	16	"###FULL#CORPUS#200K##"	1739477573	1739477760	187	0	x
fintan	i7q-vm	1	4	4	16	50	32	"###FULL#CORPUS#200K##"	1739477760	1739477944	184	0	x
fintan	i7q-vm	1	4	4	16	50	48	"###FULL#CORPUS#200K##"	1739477944	1739478127	183	0	x
fintan	i7q-vm	1	4	4	16	50	96	"###FULL#CORPUS#200K##"	1739478127	1739478307	180	0	x
fintan	i7q-vm	1	4	4	16	50	64	"###FULL#CORPUS#200K##"	1739478307	1739478488	181	0	x
fintan	i7q-vm	1	4	4	16	50	128	"###FULL#CORPUS#200K##"	1739478488	1739478666	178	0	x
fintan	i7q-vm	1	4	4	16	50	1	"###AVG#CORPUS#200tp##"	1739478666	1739479357	691	0	x
fintan	i7q-vm	1	4	4	16	50	4	"###AVG#CORPUS#200tp##"	1739479357	1739479737	380	1.0	x
fintan	i7q-vm	1	4	4	16	50	16	"###AVG#CORPUS#200tp##"	1739479737	1739480141	404	0	x
fintan	i7q-vm	1	4	4	16	50	32	"###AVG#CORPUS#200tp##"	1739480141	1739480610	469	0	x
fintan	i7q-vm	1	4	4	16	50	48	"###AVG#CORPUS#200tp##"	1739480610	1739481090	480	0	x
fintan	i7q-vm	1	4	4	16	50	96	"###AVG#CORPUS#200tp##"	1739481090	1739481566	476	0	x
fintan	i7q-vm	1	4	4	16	50	64	"###AVG#CORPUS#200tp##"	1739481566	1739482047	481	0	x
fintan	i7q-vm	1	4	4	16	50	128	"###AVG#CORPUS#200tp##"	1739482047	1739482536	489	0	x

split	i7q-vm	1	4	4	16	01	4	split"###AVG#CORPUS#200tp##"	1743260104	1743260111	7	0	x
split	i7q-vm	1	4	4	16	02	4	split"###AVG#CORPUS#200tp##"	1743260112	1743260123	11	0	x
split	i7q-vm	1	4	4	16	04	4	split"###AVG#CORPUS#200tp##"	1743260124	1743260142	18	0	x
split	i7q-vm	1	4	4	16	07	4	split"###AVG#CORPUS#200tp##"	1743260143	1743260173	30	0	x
split	i7q-vm	1	4	4	16	08	4	split"###AVG#CORPUS#200tp##"	1743260174	1743260208	34	0	x
split	i7q-vm	1	4	4	16	10	4	split"###AVG#CORPUS#200tp##"	1743260209	1743260251	42	0	x
split	i7q-vm	1	4	4	16	16	4	split"###AVG#CORPUS#200tp##"	1743260253	1743260319	66	0	x
split	i7q-vm	1	4	4	16	20	4	split"###AVG#CORPUS#200tp##"	1743260321	1743260398	77	0	x
split	i7q-vm	1	4	4	16	24	4	split"###AVG#CORPUS#200tp##"	1743260401	1743260496	95	0	x
split	i7q-vm	1	4	4	16	30	4	split"###AVG#CORPUS#200tp##"	1743260499	1743260614	115	0	x
split	i7q-vm	1	4	4	16	40	4	split"###AVG#CORPUS#200tp##"	1743260617	1743260769	152	0	x
split	i7q-vm	1	4	4	16	50	4	split"###AVG#CORPUS#200tp##"	1743260774	1743260964	190	0	x
